tile_id,campaign,grid_x_km,grid_y_km,col_path,cir_path,col_size_bytes,cir_size_bytes,col_sha256,cir_sha256,col_points,cir_points,point_count_match,bounds,crs,split,source_readable,source_read_error,min_distance_to_train_m,min_distance_to_val_m,min_distance_to_test_m
PNOA_2015_GAL-W_478-4756_ORT-CLA-COL,GAL-W-2015,478,4756,data/raw/pnoa_galicia/PNOA_2015_GAL-W_478-4756_ORT-CLA-COL.laz,data/raw/pnoa_galicia/PNOA_2015_GAL-W_478-4756_ORT-CLA-CIR.laz,24002814,23090844,b9584abeb66b770a6e3b8035c37301c847c166306b330ceb9affb5b62e26f346,122813578881d1c7ba12fceca9c768dc6b6a24e8c3998cefb3f95e1bb70dac13,3225314,3225314,True,"[478000.0,4754000.0,479999.99,4755999.99]",EPSG:25829,train,True,,0.009999999776482582,88822.01534109762,132000.0100000004
PNOA_2015_GAL-W_478-4758_ORT-CLA-COL,GAL-W-2015,478,4758,data/raw/pnoa_galicia/PNOA_2015_GAL-W_478-4758_ORT-CLA-COL.laz,data/raw/pnoa_galicia/PNOA_2015_GAL-W_478-4758_ORT-CLA-CIR.laz,22403681,21545834,7aacaebf4bf8969bbb1e133b39ab6c3e7fb550041e452eacb47d711c1793d4a5,a2823b8433e8ec0d6c0e8666eeccdf5f0acea1ba0590ab95c1a8d4ad99b05696,3293761,3293761,True,"[478000.0,4756000.0,479999.99,4757999.99]",EPSG:25829,train,True,,0.009999999776482582,87666.13011420322,132000.01
PNOA_2015_GAL-W_504-4672_ORT-CLA-COL,GAL-W-2015,504,4672,data/raw/pnoa_galicia/PNOA_2015_GAL-W_504-4672_ORT-CLA-COL.laz,data/raw/pnoa_galicia/PNOA_2015_GAL-W_504-4672_ORT-CLA-CIR.laz,193320,177746,8b06a17de060b42e912051091070909560609cdd01c7e12e328c172df780cc81,baaa590f7f379f9b5eb8c708bd8489c298c6d447f8f54fad864fd1f5007b4d5b,33098,33098,True,"[505194.67000003817,4671402.080012458,505999.9900000382,4671999.9900124585]",EPSG:32629,train,True,,0.009999961825087667,143571.8107711231,68618.39503439335
PNOA_2015_GAL-W_504-4674_ORT-CLA-COL,GAL-W-2015,504,4674,data/raw/pnoa_galicia/PNOA_2015_GAL-W_504-4674_ORT-CLA-COL.laz,data/raw/pnoa_galicia/PNOA_2015_GAL-W_504-4674_ORT-CLA-CIR.laz,784324,716925,654aad99e86af8b9eea7c13ebdff1caed0e2ff375f38641e5e21a48ca51acefb,a2dde869b624d161c9f94841bb2ff0526526751c95cc526bd5f0f1ca3ce91622,138120,138120,True,"[505194.7800000382,4672000.09001246,505999.99000003823,4673999.98001246]",EPSG:32629,train,True,,0.009999961766880006,141678.74748209494,68876.75399402145
PNOA_2015_GAL-W_504-4676_ORT-CLA-COL,GAL-W-2015,504,4676,data/raw/pnoa_galicia/PNOA_2015_GAL-W_504-4676_ORT-CLA-COL.laz,data/raw/pnoa_galicia/PNOA_2015_GAL-W_504-4676_ORT-CLA-CIR.laz,827132,757027,b85a94c7dc9f87d76466b9fdd22e80041c1059f8d58022fa7ea50069cf17109a,caac255799aca3865b636ab6b8eb4dbcbef216760a60e8c4fd6613c902460fad,145556,145556,True,"[505220.8200000384,4674000.000012477,505999.9900000384,4675999.990012477]",EPSG:32629,train,True,,0.009999961592257023,139788.643201393,69771.06764837375
PNOA_2015_GAL-W_504-4678_ORT-CLA-COL,GAL-W-2015,504,4678,data/raw/pnoa_galicia/PNOA_2015_GAL-W_504-4678_ORT-CLA-COL.laz,data/raw/pnoa_galicia/PNOA_2015_GAL-W_504-4678_ORT-CLA-CIR.laz,827819,770880,a7d810ae5b869dba87ac12c537144e577db78fc3216fb6a2086bb1c19e2ca0e0,5fb22822746b59cd77be23680f2367c11892f2ccd71c28e083624e0605c4dad2,144574,144574,True,"[505226.8700000385,4676000.000012492,505999.9900000385,4677999.960012492]",EPSG:32629,train,True,,0.009999961475841701,137901.67703142762,70710.69170107765
PNOA_2015_GAL-W_504-4680_ORT-CLA-COL,GAL-W-2015,504,4680,data/raw/pnoa_galicia/PNOA_2015_GAL-W_504-4680_ORT-CLA-COL.laz,data/raw/pnoa_galicia/PNOA_2015_GAL-W_504-4680_ORT-CLA-CIR.laz,765650,721102,8ad6cf1130c39e3e9e4f6a6a761be7b1a4709f2b5bd5144cd3a958b287abdfc2,1ad9bdc89c6602c70bb5500c900f01b36f92576be87610a0607f863898b24b59,136374,136374,True,"[505195.81000003824,4678000.000012504,505999.99000003823,4679999.980012504]",EPSG:32629,train,True,,0.010000005946494639,136017.89311731,71693.80699122991
PNOA_2015_GAL-W_504-4682_ORT-CLA-COL,GAL-W-2015,504,4682,data/raw/pnoa_galicia/PNOA_2015_GAL-W_504-4682_ORT-CLA-COL.laz,data/raw/pnoa_galicia/PNOA_2015_GAL-W_504-4682_ORT-CLA-CIR.laz,681491,681508,a33a262d11200b3692c3124fc6fa8151e70306ec609faed01c0b3338043cf653,baebd442d38a4687c6e06c81372e355d13353fc8b59eac68595693bd8611376f,140313,140313,True,"[505181.7200000383,4680000.0100125205,505999.9900000383,4681999.990012521]",EPSG:32629,train,True,,0.010000005946494639,134137.4841275314,72718.65483455599
PNOA_2015_GAL-W_504-4684_ORT-CLA-COL,GAL-W-2015,504,4684,data/raw/pnoa_galicia/PNOA_2015_GAL-W_504-4684_ORT-CLA-COL.laz,data/raw/pnoa_galicia/PNOA_2015_GAL-W_504-4684_ORT-CLA-CIR.laz,680422,680422,81133e052ef5ad33de0736711bc3ea8fde6c19f9c11a4c1d137c6d8d19aeb1ea,81133e052ef5ad33de0736711bc3ea8fde6c19f9c11a4c1d137c6d8d19aeb1ea,141778,141778,True,"[505191.16000003833,4682000.010012534,505999.99000003835,4683999.950012535]",EPSG:32629,train,True,,0.010000005888286978,132260.63105875076,73783.48623505454
PNOA_2015_GAL-W_504-4686_ORT-CLA-COL,GAL-W-2015,504,4686,data/raw/pnoa_galicia/PNOA_2015_GAL-W_504-4686_ORT-CLA-COL.laz,data/raw/pnoa_galicia/PNOA_2015_GAL-W_504-4686_ORT-CLA-CIR.laz,648169,648173,608a78814bd31f475e7b9495452d22176e06c3e9ef655b5272314cd775ab6af5,60ae8a21ea8cbb1a8e22d92fb1dccff08ea59d012c29ea71aeea156b3f41a44e,140849,140849,True,"[505196.4600000384,4684000.0000125505,505999.9900000384,4685999.990012551]",EPSG:32629,train,True,,0.010000005946494639,130387.363529021,74886.59480207163
PNOA_2015_GAL-W_506-4668_ORT-CLA-COL,GAL-W-2015,506,4668,data/raw/pnoa_galicia/PNOA_2015_GAL-W_506-4668_ORT-CLA-COL.laz,data/raw/pnoa_galicia/PNOA_2015_GAL-W_506-4668_ORT-CLA-CIR.laz,1197539,1197537,a033a93a90dba39987822438bd7f664bffbb4ad49c681c89ce3e918a008bf632,b3f0921aca53e9588886b694bf1358a76d3d2dd9c9bcda29f23ce451370aab2f,312005,312005,True,"[506854.2400000503,4666000.010012418,507999.9900000503,4667999.9900124185]",EPSG:32629,train,True,,0.00998758152127266,146754.30981104344,64621.99440276137
PNOA_2015_GAL-W_506-4670_ORT-CLA-COL,GAL-W-2015,506,4670,data/raw/pnoa_galicia/PNOA_2015_GAL-W_506-4670_ORT-CLA-COL.laz,data/raw/pnoa_galicia/PNOA_2015_GAL-W_506-4670_ORT-CLA-CIR.laz,1801086,1808255,8defff527f203e874af9cd2f190f92494e7854aa31e205399f94824603dae08e,76f52ee28b922fb8f75f08eef281ec1b6d6fbd4b82546bd41003a55abae6261a,379037,379037,True,"[506880.98000000004,4668000.0,507999.99000000005,4669999.98]",EPSG:25829,train,True,,0.00998758152127266,144847.61016856204,65391.144048717964
PNOA_2015_GAL-W_506-4672_ORT-CLA-COL,GAL-W-2015,506,4672,data/raw/pnoa_galicia/PNOA_2015_GAL-W_506-4672_ORT-CLA-COL.laz,data/raw/pnoa_galicia/PNOA_2015_GAL-W_506-4672_ORT-CLA-CIR.laz,3492333,3056996,e6c99240dda5cf73687c300e6fa26679fe47dba58115f209eb3fb433d92229af,b2a22568fa2b0f75a3ed262e1edac7c4c2a146989108a6393b2dc064cb6f8b91,549891,549891,True,"[506000.0,4670000.0,507999.99,4671999.99]",EPSG:25829,train,True,,0.009999961825087667,142943.4411628939,66211.79471967353
PNOA_2015_GAL-W_506-4674_ORT-CLA-COL,GAL-W-2015,506,4674,data/raw/pnoa_galicia/PNOA_2015_GAL-W_506-4674_ORT-CLA-COL.laz,data/raw/pnoa_galicia/PNOA_2015_GAL-W_506-4674_ORT-CLA-CIR.laz,9730630,9162505,1d0daad6b667197913d6fc33dbb2f08b85d71f599881a2275d917b4144077266,e4374356c965e24ea22d6b01d50d4204f8bbddb30bb6d2ca8c9bc78fbfc6e02f,1508285,1508285,True,"[506000.0,4672000.0,507999.99,4673999.99]",EPSG:25829,train,True,,0.009999961766880006,141041.93465574674,67082.05274140161
PNOA_2015_GAL-W_506-4676_ORT-CLA-COL,GAL-W-2015,506,4676,data/raw/pnoa_galicia/PNOA_2015_GAL-W_506-4676_ORT-CLA-COL.laz,data/raw/pnoa_galicia/PNOA_2015_GAL-W_506-4676_ORT-CLA-CIR.laz,5888734,5587179,a94e7727fabb89a83ee754ecb63ceb4fbe858090a0d425ed5d1c8b23bd046222,d751f9c72ae0d401bc42e4f0e2645e1e687967a758bbcbf61217c375f6f41ae2,963963,963963,True,"[506000.0,4674000.0,507999.99,4675999.99]",EPSG:25829,train,True,,0.009999961592257023,139143.18988503233,68000.0135294118
PNOA_2015_GAL-W_506-4678_ORT-CLA-COL,GAL-W-2015,506,4678,data/raw/pnoa_galicia/PNOA_2015_GAL-W_506-4678_ORT-CLA-COL.laz,data/raw/pnoa_galicia/PNOA_2015_GAL-W_506-4678_ORT-CLA-CIR.laz,7438164,7076828,7443a2fd23766485cf91427fde80e57f29c87413409bb338ed82d95bb945981d,ef383ba3a2232405e394b2dbdda807cc50401ea9b9af0a528d064870f8df052b,1264241,1264241,True,"[506000.0,4676000.0,507999.99,4677999.99]",EPSG:25829,train,True,,0.009999961475841701,137247.32147232743,68963.77222861425
PNOA_2015_GAL-W_506-4680_ORT-CLA-COL,GAL-W-2015,506,4680,data/raw/pnoa_galicia/PNOA_2015_GAL-W_506-4680_ORT-CLA-COL.laz,data/raw/pnoa_galicia/PNOA_2015_GAL-W_506-4680_ORT-CLA-CIR.laz,3715685,3778233,066d0b913f0b1fe411f7a1158b695be67218608d419f995afb9747a52cd87fda,39efe30a0617f89e4aae5b967ccf86589f01f1bd9680b2c997c33192510d76e3,784414,784414,True,"[506000.0000000442,4678000.000012504,507999.99000004417,4679999.990012504]",EPSG:32629,train,True,,0.010000005946494639,135354.45027064945,69971.43646442573
PNOA_2015_GAL-W_506-4682_ORT-CLA-COL,GAL-W-2015,506,4682,data/raw/pnoa_galicia/PNOA_2015_GAL-W_506-4682_ORT-CLA-COL.laz,data/raw/pnoa_galicia/PNOA_2015_GAL-W_506-4682_ORT-CLA-CIR.laz,3047904,3047920,f3b42a9da996f1109dc6fd08ef7f2d462d71f1fefbffb13df748b4acf4cde82d,7810f5f174adf00166ffb8cfcbdc9343c950420b107978606e5b60c6733e1af7,820807,820807,True,"[506000.00000004424,4680000.000012521,507999.9900000442,4681999.990012521]",EPSG:32629,train,True,,0.010000005946494639,133464.70382862177,71021.13742363219
PNOA_2015_GAL-W_506-4684_ORT-CLA-COL,GAL-W-2015,506,4684,data/raw/pnoa_galicia/PNOA_2015_GAL-W_506-4684_ORT-CLA-COL.laz,data/raw/pnoa_galicia/PNOA_2015_GAL-W_506-4684_ORT-CLA-CIR.laz,3057507,3057507,e994604a8aae88d245ab47c07774631c241f8075fda24b0536961517e63be20f,22ff49a4284662ffb03dede5f2a8fa4093511ac543112469c0f9a9ee3563cc36,824804,824804,True,"[506000.00000004424,4682000.0000125365,507999.9900000442,4683999.990012537]",EPSG:32629,train,True,,0.010000005888286978,131578.2167687878,72111.03938370183
PNOA_2015_GAL-W_506-4686_ORT-CLA-COL,GAL-W-2015,506,4686,data/raw/pnoa_galicia/PNOA_2015_GAL-W_506-4686_ORT-CLA-COL.laz,data/raw/pnoa_galicia/PNOA_2015_GAL-W_506-4686_ORT-CLA-CIR.laz,2960667,2960680,f0105f9ada8801944e2cffef03cc27fb4e53400a33df3655f061238fe764a9d4,e3b03c97c9e01e3ae9cd11529f65bbea7fe8c487682a0c5c5ffc0686380ecd6e,809365,809365,True,"[506000.00000004435,4684000.00001255,507999.99000004434,4685999.99001255]",EPSG:32629,train,True,,0.010000005946494639,129695.13131975038,73239.34762850516
PNOA_2015_GAL-W_508-4664_ORT-CLA-COL,GAL-W-2015,508,4664,data/raw/pnoa_galicia/PNOA_2015_GAL-W_508-4664_ORT-CLA-COL.laz,data/raw/pnoa_galicia/PNOA_2015_GAL-W_508-4664_ORT-CLA-CIR.laz,6351130,5388873,ea9b3c3cd5a4f21205f17af35fc4c9047fc55a2cd49faf0d116fe3dbdbb6fca5,74fbc4c75d20f4a145e1cf5e85612b6690c3c5d410de7407007db8e15307984c,1064615,1047319,False,"[507999.9999999998,4661999.999999996,509999.9899999998,4663999.9899999965]",EPSG:2158,train,True,,0.010000000183936208,150002.6334825634,61351.45931434772
PNOA_2015_GAL-W_508-4666_ORT-CLA-COL,GAL-W-2015,508,4666,data/raw/pnoa_galicia/PNOA_2015_GAL-W_508-4666_ORT-CLA-COL.laz,data/raw/pnoa_galicia/PNOA_2015_GAL-W_508-4666_ORT-CLA-CIR.laz,4250813,3509356,d134e84a03a5ac41655b202c31f6533ab219b0e8d310fdf267f2998f1f693f09,12613a7a961a5588fc31b7fd95b69be20ec1ce6f19a005907a14856854d6daab,769535,769535,True,"[508000.0000000587,4664000.0000124015,509999.99000005866,4665999.990012402]",EPSG:32629,train,True,,0.009999941335991025,148083.72634466772,62032.26257794448
PNOA_2015_GAL-W_508-4668_ORT-CLA-COL,GAL-W-2015,508,4668,data/raw/pnoa_galicia/PNOA_2015_GAL-W_508-4668_ORT-CLA-COL.laz,data/raw/pnoa_galicia/PNOA_2015_GAL-W_508-4668_ORT-CLA-CIR.laz,4313525,3549588,b30d9ad68f1a39e633c273b32247528eabd765b7ea75a78e3139f379d3bc49f5,b7ea8de16dcbd2e8adbc0ea28e51563b847efcb1c8aa282f65e3293386b32a7f,769674,769674,True,"[508000.0000000588,4666000.000012415,509999.9900000588,4667999.990012416]",EPSG:32629,train,True,,0.009999941219575703,146166.9934291403,62769.432374280026
PNOA_2015_GAL-W_508-4670_ORT-CLA-COL,GAL-W-2015,508,4670,data/raw/pnoa_galicia/PNOA_2015_GAL-W_508-4670_ORT-CLA-COL.laz,data/raw/pnoa_galicia/PNOA_2015_GAL-W_508-4670_ORT-CLA-CIR.laz,4133378,4108137,8940b44500a65f85004c8fd0f5b7438ebf5a0eeea3e26c8916297129ea4e3f08,5f3a48a748a5b337359ab56210df6d6e7b0a8caa4bb8bdc687ac2e6947630b03,821126,821126,True,"[508000.0000000588,4668000.000012431,509999.9900000588,4669999.9900124315]",EPSG:32629,train,True,,0.009987568482756615,144252.52139254226,63561.00754896666
PNOA_2015_GAL-W_508-4672_ORT-CLA-COL,GAL-W-2015,508,4672,data/raw/pnoa_galicia/PNOA_2015_GAL-W_508-4672_ORT-CLA-COL.laz,data/raw/pnoa_galicia/PNOA_2015_GAL-W_508-4672_ORT-CLA-CIR.laz,9021035,7985943,8d42ffc218edd43c85e5441d6ae9c755237f4fd1a602c17fe1a60cc585f3df7f,47d071e0c97a63beca405e038f76fa5ae37cb0fb14d928e50e3fe7e7557576c1,1403981,1403981,True,"[508000.0,4670000.0,509999.99,4671999.99]",EPSG:25829,train,True,,0.009987568482756615,142340.4014729763,64404.98210542557
PNOA_2015_GAL-W_508-4674_ORT-CLA-COL,GAL-W-2015,508,4674,data/raw/pnoa_galicia/PNOA_2015_GAL-W_508-4674_ORT-CLA-COL.laz,data/raw/pnoa_galicia/PNOA_2015_GAL-W_508-4674_ORT-CLA-CIR.laz,5060781,4002102,5e1256c9c0abd5afde6684a8ff2583bb1c21850c4725e883d4d6cd2b70655481,09e2999e7869888d8b9a2c4e3194d4592e198985d1a39b91fc15ce7037965683,836586,836586,True,"[508000.0,4672000.0,509999.99,4673999.99]",EPSG:25829,train,True,,0.009999999776482582,140430.7297262045,65299.3243456637
PNOA_2015_GAL-W_508-4676_ORT-CLA-COL,GAL-W-2015,508,4676,data/raw/pnoa_galicia/PNOA_2015_GAL-W_508-4676_ORT-CLA-COL.laz,data/raw/pnoa_galicia/PNOA_2015_GAL-W_508-4676_ORT-CLA-CIR.laz,5563324,4666216,4e5e344a7a8367b3b287917a577f9191382856f2c2686f6c206f44f13f5bf3cf,586f2f5ba445d8cd39fa0544cd351e8ac21db913c33c55eac6aa0ae5b66fad0e,899334,899334,True,"[508000.0,4674000.0,509999.99,4675999.99]",EPSG:25829,train,True,,0.009999999776482582,138523.60741541683,66241.99423326706
PNOA_2015_GAL-W_508-4678_ORT-CLA-COL,GAL-W-2015,508,4678,data/raw/pnoa_galicia/PNOA_2015_GAL-W_508-4678_ORT-CLA-COL.laz,data/raw/pnoa_galicia/PNOA_2015_GAL-W_508-4678_ORT-CLA-CIR.laz,5092073,4400860,f8c405a00b1080dd30b73dea1b01adf12ce513e2676e1ca73b648c1ef92443b7,58ff5c6719b0756fc2d2ddd8db95e3f300103d398193a7ff27f77d9e745fd4ed,824006,824006,True,"[508000.0,4676000.0,509999.99,4677999.99]",EPSG:25829,train,True,,0.009999999776482582,136619.14130650487,67230.95894006113
PNOA_2015_GAL-W_508-4680_ORT-CLA-COL,GAL-W-2015,508,4680,data/raw/pnoa_galicia/PNOA_2015_GAL-W_508-4680_ORT-CLA-COL.laz,data/raw/pnoa_galicia/PNOA_2015_GAL-W_508-4680_ORT-CLA-CIR.laz,4134997,4182112,413ad2ff66bda0a44cd94b035e7bb91f85b3c7b5372449f1a4690c8692d548c3,c94146b0d75a9c846303d6a90b666bc0d5543e54721168285ca8ebb43ef5ae43,811619,811619,True,"[508000.000000059,4678000.000012504,509999.990000059,4679999.990012504]",EPSG:32629,train,True,,0.00999994098674506,134717.44403776003,68264.20644007825
PNOA_2015_GAL-W_508-4682_ORT-CLA-COL,GAL-W-2015,508,4682,data/raw/pnoa_galicia/PNOA_2015_GAL-W_508-4682_ORT-CLA-COL.laz,data/raw/pnoa_galicia/PNOA_2015_GAL-W_508-4682_ORT-CLA-CIR.laz,3888544,3849865,38470af932a9b24d54fb7ce6b275bb6cab51c3820832061ea0d2cc3e994e64a8,b69a3e6a0a56760011bee63eeddd10cfeec4a8ee9aed1eed696485cc4c41139e,816125,816125,True,"[508000.000000059,4680000.00001252,509999.990000059,4681999.99001252]",EPSG:32629,train,True,,0.00999994098674506,132818.634566311,69339.75714512447
PNOA_2015_GAL-W_508-4684_ORT-CLA-COL,GAL-W-2015,508,4684,data/raw/pnoa_galicia/PNOA_2015_GAL-W_508-4684_ORT-CLA-COL.laz,data/raw/pnoa_galicia/PNOA_2015_GAL-W_508-4684_ORT-CLA-CIR.laz,3909894,4028805,379124bfc06083741c40cc686ce3f8595a002c4fe177143d629fe1ff62a40813,ff085c0b71998cd603a620fe4fc8367b349dd06667ba5400ac9e40710452d580,837014,837014,True,"[508000.0000000591,4682000.0000125365,509999.9900000591,4683999.990012537]",EPSG:32629,train,True,,0.009999940928537399,130922.83852732266,70455.67373176025
PNOA_2015_GAL-W_508-4686_ORT-CLA-COL,GAL-W-2015,508,4686,data/raw/pnoa_galicia/PNOA_2015_GAL-W_508-4686_ORT-CLA-COL.laz,data/raw/pnoa_galicia/PNOA_2015_GAL-W_508-4686_ORT-CLA-CIR.laz,3441521,3418336,899ce51826c7e3880f9cda0cff9a09166c9507225c193255d609381083dc57dc,9bbc658851806b750570d682fa90b91efa3a582e37c69071c358f20e69f05310,820573,820573,True,"[508000.00000005914,4684000.000012549,509999.99000005913,4685999.990012549]",EPSG:32629,train,True,,0.009999940870329738,129030.18874683868,71610.06913170387
PNOA_2015_GAL-W_510-4662_ORT-CLA-COL,GAL-W-2015,510,4662,data/raw/pnoa_galicia/PNOA_2015_GAL-W_510-4662_ORT-CLA-COL.laz,data/raw/pnoa_galicia/PNOA_2015_GAL-W_510-4662_ORT-CLA-CIR.laz,31539779,31049959,96adf7036bf48f9caa2dc4ff349dfba75dfe2efbba720c7da5fd6e8b8317babe,beec554cf9026380115485bb0949e7d78b980dac73f9733d1c232ab6ef7bc803,4589261,4537137,False,"[509999.9999999997,4659999.999999994,511999.9899999997,4661999.989999995]",EPSG:2158,train,True,,0.01000000030035153,151382.801571899,58821.777259787246
PNOA_2015_GAL-W_510-4664_ORT-CLA-COL,GAL-W-2015,510,4664,data/raw/pnoa_galicia/PNOA_2015_GAL-W_510-4664_ORT-CLA-COL.laz,data/raw/pnoa_galicia/PNOA_2015_GAL-W_510-4664_ORT-CLA-CIR.laz,15128909,14324936,ecc5ae48ce56774601e4f4af2e7f28040c179e557439e68a3f6348788c0418d2,6aab96cdd31462d2d5528c02499a208a5d23d0e9d87518c7bcea975545406b59,2094334,2094334,True,"[510000.0,4662000.0,511999.99,4663999.99]",EPSG:25829,train,True,,0.009999999776482582,149454.85128192234,59464.28777005735
PNOA_2015_GAL-W_510-4666_ORT-CLA-COL,GAL-W-2015,510,4666,data/raw/pnoa_galicia/PNOA_2015_GAL-W_510-4666_ORT-CLA-COL.laz,data/raw/pnoa_galicia/PNOA_2015_GAL-W_510-4666_ORT-CLA-CIR.laz,5190491,4007564,e21e153d27b3ce27a770371fb7b00bfdebf719d450918c740d03b6b9db97060f,236c707e8c863cdc974440b5692f67f2f82ea948aef4155e62b62bf0c10d3147,782466,782466,True,"[510000.0,4664000.0,511999.99,4665999.99]",EPSG:25829,train,True,,0.009999941335991025,147528.8193257431,60166.44879000414
PNOA_2015_GAL-W_510-4668_ORT-CLA-COL,GAL-W-2015,510,4668,data/raw/pnoa_galicia/PNOA_2015_GAL-W_510-4668_ORT-CLA-COL.laz,data/raw/pnoa_galicia/PNOA_2015_GAL-W_510-4668_ORT-CLA-CIR.laz,5378536,4426267,928db380cfa6ef89c6d05e2becf3404a7332e25ece4d861c801a20a96bddbcf5,9d0a29bc408bc9cc0e7918c82f4bde5ecb2d062aa4c1b95886619f734706f012,797270,797270,True,"[510000.0,4666000.0,511999.99,4667999.99]",EPSG:25829,train,True,,0.009999941219575703,145604.78182942336,60926.1979775547
PNOA_2015_GAL-W_510-4670_ORT-CLA-COL,GAL-W-2015,510,4670,data/raw/pnoa_galicia/PNOA_2015_GAL-W_510-4670_ORT-CLA-COL.laz,data/raw/pnoa_galicia/PNOA_2015_GAL-W_510-4670_ORT-CLA-CIR.laz,3711749,4010349,34e388c081341c5c981ca1c2364bf5730235c237d560e86aa050feaba6e0f351,78ae8c5cc10832904128bfcdd468a22cd8a15a7f271a20eb1a881d36eaa26c47,720529,720529,True,"[510000.0000000736,4668000.00001243,511999.99000007357,4669999.990012431]",EPSG:32629,train,True,,0.010000014677643776,143682.8189036655,61741.40944810321
PNOA_2015_GAL-W_510-4672_ORT-CLA-COL,GAL-W-2015,510,4672,data/raw/pnoa_galicia/PNOA_2015_GAL-W_510-4672_ORT-CLA-COL.laz,data/raw/pnoa_galicia/PNOA_2015_GAL-W_510-4672_ORT-CLA-CIR.laz,3546926,4200804,b56823d7a8428c2a3816ad7aa6325c9ad1a3c4487076accf4075b000804f34ea,6ecc460cd5fd01e1a08057d236d54e17beb24ac821cb6b78e9465a9a34e406ad,736956,736956,True,"[510000.0000000736,4670000.000012445,511999.99000007357,4671999.9900124455]",EPSG:32629,train,True,,0.010000014677643776,141763.01495134557,62609.91679190193
PNOA_2015_GAL-W_510-4674_ORT-CLA-COL,GAL-W-2015,510,4674,data/raw/pnoa_galicia/PNOA_2015_GAL-W_510-4674_ORT-CLA-COL.laz,data/raw/pnoa_galicia/PNOA_2015_GAL-W_510-4674_ORT-CLA-CIR.laz,3378395,3748225,a95dca5502b1aec991deef7bb07600192f2172a7a4af411289ac809efc33d1a9,6fa7087e235e9a32b3f930fa62919e6cf89c429c4990ab3c120cff0a872bce07,716057,716057,True,"[510000.00000007363,4672000.000012461,511999.9900000736,4673999.990012461]",EPSG:32629,train,True,,0.010000012814998627,139845.4588754572,63529.53423990771
PNOA_2015_GAL-W_510-4676_ORT-CLA-COL,GAL-W-2015,510,4676,data/raw/pnoa_galicia/PNOA_2015_GAL-W_510-4676_ORT-CLA-COL.laz,data/raw/pnoa_galicia/PNOA_2015_GAL-W_510-4676_ORT-CLA-CIR.laz,3595091,3808717,61a53b7d5c665e80bec7cfa1eb736ea062d6dc2f4a1c811b477e11c36869bebb,abf0c9940c5ff3b76704c2a63444d37d7eb64d3448048978b22a2924deb5a576,753998,753998,True,"[510000.0000000737,4674000.000012474,511999.9900000737,4675999.990012474]",EPSG:32629,train,True,,0.009987525641918182,137930.24442840595,64498.07563633413
PNOA_2015_GAL-W_510-4678_ORT-CLA-COL,GAL-W-2015,510,4678,data/raw/pnoa_galicia/PNOA_2015_GAL-W_510-4678_ORT-CLA-COL.laz,data/raw/pnoa_galicia/PNOA_2015_GAL-W_510-4678_ORT-CLA-CIR.laz,5542487,5430928,cd7b9ad24017f6ebb6614d078e05830c94cf2fb6b0d8a6fb2443b77000d477a3,a5f1500fbcf55dc7a16b2e655d9f7af1a4164c73a0fc2e109ce0356a881610d9,944224,944224,True,"[510000.0,4676000.0,511999.99,4677999.99]",EPSG:25829,train,True,,0.009987525641918182,136017.47053715235,65513.37115429327
PNOA_2015_GAL-W_510-4680_ORT-CLA-COL,GAL-W-2015,510,4680,data/raw/pnoa_galicia/PNOA_2015_GAL-W_510-4680_ORT-CLA-COL.laz,data/raw/pnoa_galicia/PNOA_2015_GAL-W_510-4680_ORT-CLA-CIR.laz,14855819,14264522,b9d99f9f20f343996eaa40bb64aed8772b2f46be450d436347c1049cfa75ca90,51e75bc6c7436c86fdca4143a9b3ad8d8fde757f21e7ec6dffecd692fb132a58,2057271,2057271,True,"[510000.0,4678000.0,511999.99,4679999.99]",EPSG:25829,train,True,,0.00999994098674506,134107.2416063776,66573.28172773357
PNOA_2015_GAL-W_510-4682_ORT-CLA-COL,GAL-W-2015,510,4682,data/raw/pnoa_galicia/PNOA_2015_GAL-W_510-4682_ORT-CLA-COL.laz,data/raw/pnoa_galicia/PNOA_2015_GAL-W_510-4682_ORT-CLA-CIR.laz,13693954,12662232,0dff7d871954c2082770590ef01927bc61e46e891742b0e78265cbb692861886,d563ac492cb035460ae2a86eb1335107b285f1d21dae7faed069dda08ae581dc,2015648,2015648,True,"[510000.0,4680000.0,511999.99,4681999.99]",EPSG:25829,train,True,,0.00999994098674506,132199.66796939226,67675.71115252639
PNOA_2015_GAL-W_510-4684_ORT-CLA-COL,GAL-W-2015,510,4684,data/raw/pnoa_galicia/PNOA_2015_GAL-W_510-4684_ORT-CLA-COL.laz,data/raw/pnoa_galicia/PNOA_2015_GAL-W_510-4684_ORT-CLA-CIR.laz,10670892,9791117,dcdd0d883aacffa50b5e53d87eec13d59baba21c712a87b7640d834899e89659,13cde537d9be1e0906be784ec3aac0fbf504fd315fc033714b8000cfe8b0a957,1544527,1544527,True,"[510000.0,4682000.0,511999.99,4683999.99]",EPSG:25829,train,True,,0.009999940928537399,130294.86625022409,68818.61608605758
PNOA_2015_GAL-W_510-4686_ORT-CLA-COL,GAL-W-2015,510,4686,data/raw/pnoa_galicia/PNOA_2015_GAL-W_510-4686_ORT-CLA-COL.laz,data/raw/pnoa_galicia/PNOA_2015_GAL-W_510-4686_ORT-CLA-CIR.laz,4297918,4013121,a60c939ca7ed8518cfdf46c10611a97b7b9622a4e7133df76d465dc5edbe577f,34717c3e8958b85d33d23dd041b2d0473e8f9ebe50bbbc8c7cdf0a1ac02f1bdf,815049,815049,True,"[510000.0,4684000.0,511999.99,4685999.99]",EPSG:25829,train,True,,0.009999940870329738,128392.95981910384,70000.01399999991
PNOA_2015_GAL-W_510-4704_ORT-CLA-COL,GAL-W-2015,510,4704,data/raw/pnoa_galicia/PNOA_2015_GAL-W_510-4704_ORT-CLA-COL.laz,data/raw/pnoa_galicia/PNOA_2015_GAL-W_510-4704_ORT-CLA-CIR.laz,27163349,26710264,4ce2a74084d674c1859ae3ca84d263d51e51aba49cb2b77ee9919e4eaf3e9819,b8dda0f970cdbf8f3e1e73fe03c1afeaef862e9109711b99449b881cbf3a4841,3866206,3866206,True,"[510000.0,4702000.0,511999.99,4703999.99]",EPSG:25829,train,True,,0.009999999776482582,111430.47954050117,82073.1522484678
PNOA_2015_GAL-W_510-4706_ORT-CLA-COL,GAL-W-2015,510,4706,data/raw/pnoa_galicia/PNOA_2015_GAL-W_510-4706_ORT-CLA-COL.laz,data/raw/pnoa_galicia/PNOA_2015_GAL-W_510-4706_ORT-CLA-CIR.laz,13396631,12559855,2ffbe50d53d779c915eb05969ccaaeda14a51802d4a04cca7fe6d94545c2d868,d79b233ac3e777db1d96c8fe6bceb4684e2dc218bc1e62efc4316fdfd116dcbd,1992963,1992963,True,"[510000.0,4704000.0,511999.99,4705999.99]",EPSG:25829,train,True,,0.009999999776482582,109566.1979379237,83546.40842071055
PNOA_2015_GAL-W_512-4662_ORT-CLA-COL,GAL-W-2015,512,4662,data/raw/pnoa_galicia/PNOA_2015_GAL-W_512-4662_ORT-CLA-COL.laz,data/raw/pnoa_galicia/PNOA_2015_GAL-W_512-4662_ORT-CLA-CIR.laz,31767669,31757595,695874bd0c3a1919eeefbbcd41143bf85884a22771c75664998875f6c7cf1960,0d7cf5647457dc17f18cd1ee286f17b25b4c3fef206ee7088c21aaff75b3ae85,4328421,4328421,True,"[512000.0,4660000.0,513999.99,4661999.99]",EPSG:25829,train,True,,0.009999999776482582,150866.54742438317,56921.01053214176
PNOA_2015_GAL-W_512-4664_ORT-CLA-COL,GAL-W-2015,512,4664,data/raw/pnoa_galicia/PNOA_2015_GAL-W_512-4664_ORT-CLA-COL.laz,data/raw/pnoa_galicia/PNOA_2015_GAL-W_512-4664_ORT-CLA-CIR.laz,14068272,13044479,c7a69a73612d661a54d293cd291948b4458ea9b120af230bab6fbe1d099af5ba,7b4e9402b2b65606a039de14ee9761853573c45e11558aa91e67a1659d4cb3a7,2037106,2037106,True,"[512000.0,4662000.0,513999.99,4663999.99]",EPSG:25829,train,True,,0.009999999776482582,148931.91428199626,57584.733046183275
PNOA_2015_GAL-W_512-4666_ORT-CLA-COL,GAL-W-2015,512,4666,data/raw/pnoa_galicia/PNOA_2015_GAL-W_512-4666_ORT-CLA-COL.laz,data/raw/pnoa_galicia/PNOA_2015_GAL-W_512-4666_ORT-CLA-CIR.laz,5880783,4329239,5a180abb02dfb6758477e719eae11870abbc2c2ffb2c209aec4577dd5eed6ddd,eb98c48f70f8b77f4e894f5d425f466b6075a937cc440738263a4f0245f03b2b,1012524,1012524,True,"[512000.0,4664000.0,513999.99,4665999.99]",EPSG:25829,train,True,,0.009999999718274921,146999.03078471677,58309.53198234566
PNOA_2015_GAL-W_512-4668_ORT-CLA-COL,GAL-W-2015,512,4668,data/raw/pnoa_galicia/PNOA_2015_GAL-W_512-4668_ORT-CLA-COL.laz,data/raw/pnoa_galicia/PNOA_2015_GAL-W_512-4668_ORT-CLA-CIR.laz,14826143,13719183,b9d68e03496a9367faa0f5bdf4cd5bd4fb0d3f39c0583bd652a12247e8c15a94,cc33bf7677146fdd7333cdfd4f6551c1ea930bf12c9afd051b552b79230ad431,2179278,2179278,True,"[512000.0,4666000.0,513999.99,4667999.99]",EPSG:25829,train,True,,0.009999999776482582,145067.96686930003,59093.16001027691
PNOA_2015_GAL-W_512-4670_ORT-CLA-COL,GAL-W-2015,512,4670,data/raw/pnoa_galicia/PNOA_2015_GAL-W_512-4670_ORT-CLA-COL.laz,data/raw/pnoa_galicia/PNOA_2015_GAL-W_512-4670_ORT-CLA-CIR.laz,4317291,4215341,e4ec18701ceeb0103735eb50ceecf60479e3b5221ad741bc81c2c85b22e90a0d,c23928e0519e42e2308ce64e23c3bc933cc06a8275a245b83e9b8d304ec949ac,921491,921491,True,"[512000.0100000883,4668000.00001243,513999.9900000883,4669999.990012431]",EPSG:32629,train,True,,0.009999911417253315,143138.7961668711,59933.309608572694
PNOA_2015_GAL-W_512-4672_ORT-CLA-COL,GAL-W-2015,512,4672,data/raw/pnoa_galicia/PNOA_2015_GAL-W_512-4672_ORT-CLA-COL.laz,data/raw/pnoa_galicia/PNOA_2015_GAL-W_512-4672_ORT-CLA-CIR.laz,4135672,4741254,dcdb68a000f091f37ea2965317812d9f5a424ba2e337fa80a06c22384d977896,3b102928fd46b0ffb92c84b66fb1fff874882523cedae89cb92464203b02030e,951651,951651,True,"[512000.00000008836,4670000.000012444,513999.99000008835,4671999.990012445]",EPSG:32629,train,True,,0.009999911650083959,141211.5962946854,60827.63878934911
PNOA_2015_GAL-W_512-4674_ORT-CLA-COL,GAL-W-2015,512,4674,data/raw/pnoa_galicia/PNOA_2015_GAL-W_512-4674_ORT-CLA-COL.laz,data/raw/pnoa_galicia/PNOA_2015_GAL-W_512-4674_ORT-CLA-CIR.laz,4102456,4755940,8b2c9edb9f43eb1eccda536ba93167325091c711f47719200a24370a28f694a8,02a716160702f5f8e479a96be74cf63a6509de103916d153271766ea5e3a0068,957241,957241,True,"[512000.0000000884,4672000.000012461,513999.9900000884,4673999.990012461]",EPSG:32629,train,True,,0.010000013746321201,139286.44904686426,61773.79444989845
PNOA_2015_GAL-W_512-4676_ORT-CLA-COL,GAL-W-2015,512,4676,data/raw/pnoa_galicia/PNOA_2015_GAL-W_512-4676_ORT-CLA-COL.laz,data/raw/pnoa_galicia/PNOA_2015_GAL-W_512-4676_ORT-CLA-CIR.laz,3971406,4478449,37598ad39710bf34cce79060e7ec5753c1b56fc743691db9394cba71b23f88c8,4b8664f24d50f0a3568ab30df85bf6e2e7d65288ca08c7eb64f53fa25a5f173e,935097,935097,True,"[512000.0000000885,4674000.000012475,513999.99000008847,4675999.990012475]",EPSG:32629,train,True,,0.009987524710595608,137363.44072597008,62769.4330131238
PNOA_2015_GAL-W_512-4678_ORT-CLA-COL,GAL-W-2015,512,4678,data/raw/pnoa_galicia/PNOA_2015_GAL-W_512-4678_ORT-CLA-COL.laz,data/raw/pnoa_galicia/PNOA_2015_GAL-W_512-4678_ORT-CLA-CIR.laz,4704462,4428040,68c7016283cb810161ed71f1a06569b7988c8672fa4175861b44a1f060063c8a,f017484f61d396dac19e1345749e04e938af01d8d3b1f5d204d38133eab83026,1035293,1035293,True,"[512000.0,4676000.0,513999.99,4677999.99]",EPSG:25829,train,True,,0.009987524710595608,135442.66244918352,63812.23832463633
PNOA_2015_GAL-W_512-4680_ORT-CLA-COL,GAL-W-2015,512,4680,data/raw/pnoa_galicia/PNOA_2015_GAL-W_512-4680_ORT-CLA-COL.laz,data/raw/pnoa_galicia/PNOA_2015_GAL-W_512-4680_ORT-CLA-CIR.laz,22859185,22040879,60baf04d6642bb1447f2a76c6a5392d60eaab0e92837d15cdf0e392236ddb3db,60d701f993baeb9535f510225e85229c5050c6268d79f73561586d5bef790e0a,3207293,3207293,True,"[512000.0,4678000.0,513999.99,4679999.99]",EPSG:25829,train,True,,0.009999999776482582,133524.2104311787,64899.936825856654
PNOA_2015_GAL-W_512-4682_ORT-CLA-COL,GAL-W-2015,512,4682,data/raw/pnoa_galicia/PNOA_2015_GAL-W_512-4682_ORT-CLA-COL.laz,data/raw/pnoa_galicia/PNOA_2015_GAL-W_512-4682_ORT-CLA-CIR.laz,29792509,28574008,c1ea2f3c0ec8e622df95f65e139b23bb04a0578e2e5a902337639e976e956ae6,22b7107938bdb5c0c2c4bd414942880697ab25794e7cb389cbd2de1f2f64cd5c,4002646,4002646,True,"[512000.0,4680000.0,513999.99,4681999.99]",EPSG:25829,train,True,,0.009999999776482582,131608.1864141282,66030.31000987488
PNOA_2015_GAL-W_512-4684_ORT-CLA-COL,GAL-W-2015,512,4684,data/raw/pnoa_galicia/PNOA_2015_GAL-W_512-4684_ORT-CLA-COL.laz,data/raw/pnoa_galicia/PNOA_2015_GAL-W_512-4684_ORT-CLA-CIR.laz,10484347,9445258,46878bb4902c2a23ff6685c746966dd6f37169a47da056b1ad40b17caf3660a9,d220728723595e61fb0ef0f1b2300e4641d9569c2c2983f3dbcdcd474280b206,1661711,1661711,True,"[512000.0,4682000.0,513999.99,4683999.99]",EPSG:25829,train,True,,0.009999999776482582,129694.69800713577,67201.20445349312
PNOA_2015_GAL-W_512-4686_ORT-CLA-COL,GAL-W-2015,512,4686,data/raw/pnoa_galicia/PNOA_2015_GAL-W_512-4686_ORT-CLA-COL.laz,data/raw/pnoa_galicia/PNOA_2015_GAL-W_512-4686_ORT-CLA-CIR.laz,5403713,4844063,1a1476decd21996ee431cfdd268f13cfcae367165cfd99a57aa24d2ea48c10ea,f29ce14ea9bd87822fa540f22d6bc090f9a706b162c22859cbdb457184611c00,959121,959121,True,"[512000.0,4684000.0,513999.99,4685999.99]",EPSG:25829,train,True,,0.009999999776482582,127783.8591180763,68410.53953887647
PNOA_2015_GAL-W_512-4704_ORT-CLA-COL,GAL-W-2015,512,4704,data/raw/pnoa_galicia/PNOA_2015_GAL-W_512-4704_ORT-CLA-COL.laz,data/raw/pnoa_galicia/PNOA_2015_GAL-W_512-4704_ORT-CLA-CIR.laz,7136626,5939827,a6426128dc2a560b6de1e725e5ad716e45e6c18c4689028eba95f250a47db746,9e69c425de421ccffe5930d82e672df0b7975367a91c4db6d8fcd9664cb3fe5e,1264129,1264129,True,"[512000.0,4702000.0,513999.99,4703999.99]",EPSG:25829,train,True,,0.009999999776482582,110728.10975820191,80721.75840503088
PNOA_2015_GAL-W_512-4706_ORT-CLA-COL,GAL-W-2015,512,4706,data/raw/pnoa_galicia/PNOA_2015_GAL-W_512-4706_ORT-CLA-COL.laz,data/raw/pnoa_galicia/PNOA_2015_GAL-W_512-4706_ORT-CLA-CIR.laz,9741683,8522502,19cef8d4cdd48e3adb958092f8c73b82a1056d5327392dabb9a71f3a47ebdc87,10183128dec96b060a310b59af482b5f381765613ed885e508750c052f1aeda6,1656106,1656106,True,"[512000.0,4704000.0,513999.99,4705999.99]",EPSG:25829,train,True,,0.009999999776482582,108851.79948246438,82219.23327300111
PNOA_2015_GAL-W_514-4662_ORT-CLA-COL,GAL-W-2015,514,4662,data/raw/pnoa_galicia/PNOA_2015_GAL-W_514-4662_ORT-CLA-COL.laz,data/raw/pnoa_galicia/PNOA_2015_GAL-W_514-4662_ORT-CLA-CIR.laz,29839094,29768583,48c561266c5d8354a5f46582d3334b1c2630302236bc9352028cad464893606b,c5b6f9467a50cb7fcf200deaf5e5bce797bce7afc8e4afd85fc8f0ec20d4d24f,4126988,4126988,True,"[514000.0,4660000.0,515999.99,4661999.99]",EPSG:25829,train,True,,0.009999994188547134,150375.12311466952,55027.27868975708
PNOA_2015_GAL-W_514-4664_ORT-CLA-COL,GAL-W-2015,514,4664,data/raw/pnoa_galicia/PNOA_2015_GAL-W_514-4664_ORT-CLA-COL.laz,data/raw/pnoa_galicia/PNOA_2015_GAL-W_514-4664_ORT-CLA-CIR.laz,20767554,20109476,14ea8caa24f43736f452ee6f00222aed34958fa8e1718c48b386e280905a465a,27805c61180590b962e054718a279c2d49286cd64d31856cca4ad5f2daffd728,3090162,3055067,False,"[513999.99999999977,4661999.999999994,515999.98999999976,4663999.989999995]",EPSG:2158,train,True,,0.009999994188547134,148434.0850738127,55713.56603198177
PNOA_2015_GAL-W_514-4666_ORT-CLA-COL,GAL-W-2015,514,4666,data/raw/pnoa_galicia/PNOA_2015_GAL-W_514-4666_ORT-CLA-COL.laz,data/raw/pnoa_galicia/PNOA_2015_GAL-W_514-4666_ORT-CLA-CIR.laz,16616754,15877012,85cf99886950e0e7df3a1fe94a5eb7a4b0f52022dea4677733d757faf999a0a6,c28a42fdb0dcdcf165257e3e5bccf445dbca765703aa6bc0e83194552ccd6de7,2309731,2281290,False,"[513999.9999999997,4663999.999999993,515999.9899999997,4665999.989999993]",EPSG:2158,train,True,,0.009999997913837433,146494.63325202942,56462.38996004237
PNOA_2015_GAL-W_514-4668_ORT-CLA-COL,GAL-W-2015,514,4668,data/raw/pnoa_galicia/PNOA_2015_GAL-W_514-4668_ORT-CLA-COL.laz,data/raw/pnoa_galicia/PNOA_2015_GAL-W_514-4668_ORT-CLA-CIR.laz,21846567,21420601,38007d1316da834f1c22187173b47cdf3db26077046130e27d4f674521f0fb99,6d6177ffcdd66e6c4a994178d4b8896db480eee0cc92974589927270b83e8159,3074545,3074545,True,"[514000.0,4666000.0,515999.99,4667999.99]",EPSG:25829,train,True,,0.00999999139457941,144556.8314940207,57271.29752328116
PNOA_2015_GAL-W_514-4670_ORT-CLA-COL,GAL-W-2015,514,4670,data/raw/pnoa_galicia/PNOA_2015_GAL-W_514-4670_ORT-CLA-COL.laz,data/raw/pnoa_galicia/PNOA_2015_GAL-W_514-4670_ORT-CLA-CIR.laz,13352099,12522379,6f005d0e38aae6b5137a8cee5c788755918b75bfd898746d9210db6fd1be32e0,a6db9a2dc9e686c69a05242be03bf3c0889dca3e3f695c72ed86aedd65fddf28,2007448,1981327,False,"[513999.9999999997,4667999.999999992,515999.9899999997,4669999.989999992]",EPSG:2158,train,True,,0.009999911417253315,142620.74705855123,58137.78083139899
PNOA_2015_GAL-W_514-4672_ORT-CLA-COL,GAL-W-2015,514,4672,data/raw/pnoa_galicia/PNOA_2015_GAL-W_514-4672_ORT-CLA-COL.laz,data/raw/pnoa_galicia/PNOA_2015_GAL-W_514-4672_ORT-CLA-CIR.laz,8801362,8367380,606c5a95848ea3f5baec7a89176086a6eb12d8fcb6fc8c65a14a3fdd372de1aa,47f1699011596840a3883fa16873f5a76a43f9a6c7d27042e6e97e048c3d7be9,1350703,1350703,True,"[514000.0,4670000.0,515999.99,4671999.99]",EPSG:25829,train,True,,0.009999911650083959,140686.45084542842,59059.30578664287
PNOA_2015_GAL-W_514-4674_ORT-CLA-COL,GAL-W-2015,514,4674,data/raw/pnoa_galicia/PNOA_2015_GAL-W_514-4674_ORT-CLA-COL.laz,data/raw/pnoa_galicia/PNOA_2015_GAL-W_514-4674_ORT-CLA-CIR.laz,4253707,4562315,3a5be4bdd001028faf43a7d03dd1b4ae195b6442a86b75f10535bce79d3166f5,0f047ebf432691baaa229df1d12ffd9713374ac85912b542bfb45f10e8da0a10,807682,807682,True,"[514000.00000010314,4672000.000012459,515999.99000010313,4673999.990012459]",EPSG:32629,train,True,,0.009999896865338087,138754.01762861814,60033.33774443176
PNOA_2015_GAL-W_514-4676_ORT-CLA-COL,GAL-W-2015,514,4676,data/raw/pnoa_galicia/PNOA_2015_GAL-W_514-4676_ORT-CLA-COL.laz,data/raw/pnoa_galicia/PNOA_2015_GAL-W_514-4676_ORT-CLA-CIR.laz,4252081,4985730,8fc3c5ba67c3510bddad05cc1ad02b16d4adc5819341203dcfc68090b36e241d,5f7732000ec927b89581fdeea9208850d6c65c210a95dbf9b890f6f6c39efa5f,883864,883864,True,"[514000.0000001032,4674000.000012473,515999.9900001032,4675999.990012473]",EPSG:32629,train,True,,0.009987526573240757,136823.52636909793,61057.363853901676
PNOA_2015_GAL-W_514-4678_ORT-CLA-COL,GAL-W-2015,514,4678,data/raw/pnoa_galicia/PNOA_2015_GAL-W_514-4678_ORT-CLA-COL.laz,data/raw/pnoa_galicia/PNOA_2015_GAL-W_514-4678_ORT-CLA-CIR.laz,5924556,5968844,872bc8b832fe234270b49e3a1b35c13ab846e1dfdba2583455631f6fa4083753,b521b7879b88b476eddc0cce3ae16d96485b09fa77353db00e780c573df67f85,1088403,1088403,True,"[514000.0,4676000.0,515999.99,4677999.99]",EPSG:25829,train,True,,0.009987526573240757,134895.0604407805,62128.91211022599
PNOA_2015_GAL-W_514-4680_ORT-CLA-COL,GAL-W-2015,514,4680,data/raw/pnoa_galicia/PNOA_2015_GAL-W_514-4680_ORT-CLA-COL.laz,data/raw/pnoa_galicia/PNOA_2015_GAL-W_514-4680_ORT-CLA-CIR.laz,31200672,30343915,ad7cdba506c67744e7908199efb6f690cc56432f2e69e1aa65828ebc34e1cb00,b7b939d247db7a29aa25194e045a35af28eb2ff92b656058111e4446937291e2,4149399,4149399,True,"[514000.0,4678000.0,515999.99,4679999.99]",EPSG:25829,train,True,,0.00999999325722456,132968.70794013175,63245.567117389226
PNOA_2015_GAL-W_514-4682_ORT-CLA-COL,GAL-W-2015,514,4682,data/raw/pnoa_galicia/PNOA_2015_GAL-W_514-4682_ORT-CLA-COL.laz,data/raw/pnoa_galicia/PNOA_2015_GAL-W_514-4682_ORT-CLA-CIR.laz,23555194,22457597,ecdd3ab2d7ba2e231d44bd35ddb3fe7357dfd443c69777b06a3adbeb5fb3bbe9,f37f6e318ab81c38ffacd920a4102561b605c39f3a6e0db972f3c09bd7c85a48,3217080,3177797,False,"[513999.99999999977,4679999.9999999935,515999.98999999976,4681999.989999994]",EPSG:2158,train,True,,0.00999999325722456,131044.56208181985,64404.98272649184
PNOA_2015_GAL-W_514-4684_ORT-CLA-COL,GAL-W-2015,514,4684,data/raw/pnoa_galicia/PNOA_2015_GAL-W_514-4684_ORT-CLA-COL.laz,data/raw/pnoa_galicia/PNOA_2015_GAL-W_514-4684_ORT-CLA-CIR.laz,21630664,20743577,c4c517498866a9da0a049a0ae2f56dec08d7447f2f98039b4ecefddb7ec569b6,ce665b4c8187b72257bebf60f6e266bb79b6969ce00a5ab646e5288278c52d70,2920469,2920469,True,"[514000.0,4682000.0,515999.99,4683999.99]",EPSG:25829,train,True,,0.009999999776482582,129122.72151391677,65604.89189077429
PNOA_2015_GAL-W_514-4686_ORT-CLA-COL,GAL-W-2015,514,4686,data/raw/pnoa_galicia/PNOA_2015_GAL-W_514-4686_ORT-CLA-COL.laz,data/raw/pnoa_galicia/PNOA_2015_GAL-W_514-4686_ORT-CLA-CIR.laz,22416930,21588025,2ad057fed6eec90d7e2250f28a724233d9048ead118608335dc13286daf26d8a,af7eb10915390e7f58e8b23b4d783f8b46c1e47609a32703940e44d426ce5008,3168366,3168366,True,"[514000.0,4684000.0,515999.99,4685999.99]",EPSG:25829,train,True,,0.00999999966006726,127203.29072436267,66843.11393105637
PNOA_2015_GAL-W_514-4704_ORT-CLA-COL,GAL-W-2015,514,4704,data/raw/pnoa_galicia/PNOA_2015_GAL-W_514-4704_ORT-CLA-COL.laz,data/raw/pnoa_galicia/PNOA_2015_GAL-W_514-4704_ORT-CLA-CIR.laz,26315799,25728677,9baf4a01db8dfc8a240c8bcd937afcb95beb065690382ebcd0336b652cb41615,dfa819ddd1b28473c74632dc27821abf84ea25d09477b243ca907bc899c29390,3993719,3993719,True,"[514000.0,4702000.0,515999.99,4703999.99]",EPSG:25829,train,True,,0.009999999776482582,110057.60678218825,79397.74707131289
PNOA_2015_GAL-W_514-4706_ORT-CLA-COL,GAL-W-2015,514,4706,data/raw/pnoa_galicia/PNOA_2015_GAL-W_514-4706_ORT-CLA-COL.laz,data/raw/pnoa_galicia/PNOA_2015_GAL-W_514-4706_ORT-CLA-CIR.laz,17070242,16081068,d1ec5bcfcbaf3071ce46cdf73b1b07baef4bdd9799feb40c67d113044e553eb9,114ed24a950c23f6903d58f73e02fcbfe561a99f60f9f7afd9edc5723783f358,2766906,2766906,True,"[514000.0,4704000.0,515999.99,4705999.99]",EPSG:25829,train,True,,0.009999999776482582,108169.6665917437,80919.72738461354
PNOA_2015_GAL-W_516-4662_ORT-CLA-COL,GAL-W-2015,516,4662,data/raw/pnoa_galicia/PNOA_2015_GAL-W_516-4662_ORT-CLA-COL.laz,data/raw/pnoa_galicia/PNOA_2015_GAL-W_516-4662_ORT-CLA-CIR.laz,28798572,28740736,874cf7d417e9216261719cb0adee5cce3bfdc5c8d08244a2dd141e4373681275,1e8f3f8213a1ec53f8d19bb13f057c71dec49862b882521015b2924777c25218,3861293,3861293,True,"[516000.0,4660000.0,517999.99,4661999.99]",EPSG:25829,train,True,,0.009999999776482582,149908.77283118013,53141.333818414765
PNOA_2015_GAL-W_516-4664_ORT-CLA-COL,GAL-W-2015,516,4664,data/raw/pnoa_galicia/PNOA_2015_GAL-W_516-4664_ORT-CLA-COL.laz,data/raw/pnoa_galicia/PNOA_2015_GAL-W_516-4664_ORT-CLA-CIR.laz,23405865,23264616,689a9c5d192c8497809836dc0e727c2926b6cfe0ec845e0145463a2cb6e1da07,af9b508d3ded8d47aad23c7df31f28a8999c8eec3d69e5a480e03690cf94b3c7,3440008,3440008,True,"[516000.0,4662000.0,517999.99,4663999.99]",EPSG:25829,train,True,,0.00999999139457941,147961.61708935397,53851.66107001893
PNOA_2015_GAL-W_516-4666_ORT-CLA-COL,GAL-W-2015,516,4666,data/raw/pnoa_galicia/PNOA_2015_GAL-W_516-4666_ORT-CLA-COL.laz,data/raw/pnoa_galicia/PNOA_2015_GAL-W_516-4666_ORT-CLA-CIR.laz,23742060,23332544,cf15e7d89208ac8c1165d9b35a39b0cbee26a0c5055573281ebed372f9799c03,d1b8e19bb77ac29be028eeb69fb43196c1339453980a8fe91d57c0bd8c943820,3609614,3569811,False,"[515999.99999999965,4663999.999999992,517999.98999999964,4665999.989999992]",EPSG:2158,train,True,,0.00999999139457941,146015.8898601287,54626.01431552422
PNOA_2015_GAL-W_516-4668_ORT-CLA-COL,GAL-W-2015,516,4668,data/raw/pnoa_galicia/PNOA_2015_GAL-W_516-4668_ORT-CLA-COL.laz,data/raw/pnoa_galicia/PNOA_2015_GAL-W_516-4668_ORT-CLA-CIR.laz,27886801,27675220,20845c7f23fb8df6d40d0a9cf74c28740e0daaf012da7f981a210e8998aa19df,3082dc1e342ce25f465f8f2be03bc0275e63730a6936cb3e9f3b355b98da5b8b,3866888,3866888,True,"[516000.0,4666000.0,517999.99,4667999.99]",EPSG:25829,train,True,,0.009999999776482582,144071.64902085718,55461.71183798955
PNOA_2015_GAL-W_516-4670_ORT-CLA-COL,GAL-W-2015,516,4670,data/raw/pnoa_galicia/PNOA_2015_GAL-W_516-4670_ORT-CLA-COL.laz,data/raw/pnoa_galicia/PNOA_2015_GAL-W_516-4670_ORT-CLA-CIR.laz,32459341,31653135,98fdc6d158614331c011e10d0898d57386dba5fc24de6c121d591d4c8fbc8cbf,b6d2944ed90f484c25c696005d8b88bbb996b2ba35bd6dd8f5c9094a65569535,4334997,4334997,True,"[516000.0,4668000.0,517999.99,4669999.99]",EPSG:25829,train,True,,0.009999999776482582,142128.95557040896,56356.02470011693
PNOA_2015_GAL-W_516-4672_ORT-CLA-COL,GAL-W-2015,516,4672,data/raw/pnoa_galicia/PNOA_2015_GAL-W_516-4672_ORT-CLA-COL.laz,data/raw/pnoa_galicia/PNOA_2015_GAL-W_516-4672_ORT-CLA-CIR.laz,22029233,21352043,bfed31f759713842d056e0ded661c70da9fca56afbe462787b45a7ff88535af1,f29d9d46acbef08f731fc4df571ad424074bf5b9be23a0e9bf7d9e3be390758d,3081948,3081948,True,"[516000.0,4670000.0,517999.99,4671999.99]",EPSG:25829,train,True,,0.009999999718274921,140187.87383893624,57306.208738671485
PNOA_2015_GAL-W_516-4674_ORT-CLA-COL,GAL-W-2015,516,4674,data/raw/pnoa_galicia/PNOA_2015_GAL-W_516-4674_ORT-CLA-COL.laz,data/raw/pnoa_galicia/PNOA_2015_GAL-W_516-4674_ORT-CLA-CIR.laz,5190554,4749158,211d08b4d2b0f345f85a211efe0032eb52c2954197f3dfa86f2181e9f7ffb455,7947798382345f28c4f934d7777b65532304a8333d9131e9ccbf8b6ea2d6e1b1,921986,921986,True,"[516000.0,4672000.0,517999.99,4673999.99]",EPSG:25829,train,True,,0.009999896865338087,138248.47171461873,58309.53266833981
PNOA_2015_GAL-W_516-4676_ORT-CLA-COL,GAL-W-2015,516,4676,data/raw/pnoa_galicia/PNOA_2015_GAL-W_516-4676_ORT-CLA-COL.laz,data/raw/pnoa_galicia/PNOA_2015_GAL-W_516-4676_ORT-CLA-CIR.laz,4118174,4354295,f94e60f3d5f709ee848d70ada2c7e76beb3a8c65621aae8367a5d5b2e8be9ec2,63100cae1e558399b653ec2231bf30448d3f531ddc097d75ecdc7cab66039683,868670,868670,True,"[516000.0000001179,4674000.000012472,517999.9900001179,4675999.9900124725]",EPSG:32629,train,True,,0.009987527504563332,136310.82087667604,59363.302138498155
PNOA_2015_GAL-W_516-4678_ORT-CLA-COL,GAL-W-2015,516,4678,data/raw/pnoa_galicia/PNOA_2015_GAL-W_516-4678_ORT-CLA-COL.laz,data/raw/pnoa_galicia/PNOA_2015_GAL-W_516-4678_ORT-CLA-CIR.laz,9037011,8936653,f6d5fc11eeae94beb2b461f08de95bacecb5341c14c2f59e583e619b37b9a53f,ad8d10bffcaf09b7336f4c60c714bd70746d71b9fe77730f2fb68a7627a2efe1,1499167,1499167,True,"[516000.0,4676000.0,517999.99,4677999.99]",EPSG:25829,train,True,,0.009987527504563332,134374.99712119135,60464.87972368907
PNOA_2015_GAL-W_516-4680_ORT-CLA-COL,GAL-W-2015,516,4680,data/raw/pnoa_galicia/PNOA_2015_GAL-W_516-4680_ORT-CLA-COL.laz,data/raw/pnoa_galicia/PNOA_2015_GAL-W_516-4680_ORT-CLA-CIR.laz,25808868,25020398,4674a1a8c5734034c80619d3a2ab9a975af7ca55cdd44fa302d80013de358929,ce9f50984043fb400b860d3bb43cba67aa6f53ced92289cb85415ecb67e29180,3522621,3522621,True,"[516000.0,4678000.0,517999.99,4679999.99]",EPSG:25829,train,True,,0.009999999776482582,132441.08052740438,61611.701161388046
PNOA_2015_GAL-W_516-4682_ORT-CLA-COL,GAL-W-2015,516,4682,data/raw/pnoa_galicia/PNOA_2015_GAL-W_516-4682_ORT-CLA-COL.laz,data/raw/pnoa_galicia/PNOA_2015_GAL-W_516-4682_ORT-CLA-CIR.laz,32009270,31258846,de4c7785acedeb293baab415dbd52536cd1c38961f9bb90663d59b3d2389c817,49dc62c924aab809b94a00c2f76207134cc602471040cc83fa6ee204558731af,4231572,4231572,True,"[516000.0,4680000.0,517999.99,4681999.99]",EPSG:25829,train,True,,0.009999999776482582,130509.15589035368,62801.28788488484
PNOA_2015_GAL-W_516-4684_ORT-CLA-COL,GAL-W-2015,516,4684,data/raw/pnoa_galicia/PNOA_2015_GAL-W_516-4684_ORT-CLA-COL.laz,data/raw/pnoa_galicia/PNOA_2015_GAL-W_516-4684_ORT-CLA-CIR.laz,36214641,35537866,c2c251257f500c2810a766600e2e74837474e3713a53961d892686d59ba8db8a,18f3c91c94fc5294c54808448351daea4a2f80f2ce4e593b8d4c5271ca7ed72d,4667772,4667772,True,"[516000.0,4682000.0,517999.99,4683999.99]",EPSG:25829,train,True,,0.00999999139457941,128579.31299847136,64031.25642996695
PNOA_2015_GAL-W_516-4686_ORT-CLA-COL,GAL-W-2015,516,4686,data/raw/pnoa_galicia/PNOA_2015_GAL-W_516-4686_ORT-CLA-COL.laz,data/raw/pnoa_galicia/PNOA_2015_GAL-W_516-4686_ORT-CLA-CIR.laz,32725949,31391987,61e5cb7775ed7e91ada51526c5bfb459853b7ea9e41fe4c9cbd77ffbc510b323,d958dc8ea1894121393689408b4c23aed1d09a2223c34fdd2eb7677af1529bd4,4262637,4210263,False,"[515999.99999999965,4683999.999999992,517999.98999999964,4685999.989999992]",EPSG:2158,train,True,,0.00999999139457941,126651.64701300635,65299.32495822229
PNOA_2015_GAL-W_518-4664_ORT-CLA-COL,GAL-W-2015,518,4664,data/raw/pnoa_galicia/PNOA_2015_GAL-W_518-4664_ORT-CLA-COL.laz,data/raw/pnoa_galicia/PNOA_2015_GAL-W_518-4664_ORT-CLA-CIR.laz,28779146,28399105,dc589f64cca22abdc402dc5ace0ab74be5add651fd8fc96b235a15a5935e73e4,e4d0cc3d34ecefc6b5252af19b793e22671019c945437077735d3b6a93034aac,3895369,3895369,True,"[518000.0,4662000.0,519999.99,4663999.99]",EPSG:25829,train,True,,0.009999999776482582,147514.75401360693,52000.01307692328
PNOA_2015_GAL-W_518-4666_ORT-CLA-COL,GAL-W-2015,518,4666,data/raw/pnoa_galicia/PNOA_2015_GAL-W_518-4666_ORT-CLA-COL.laz,data/raw/pnoa_galicia/PNOA_2015_GAL-W_518-4666_ORT-CLA-CIR.laz,26695054,26344683,99fa9a77f11f2d2a227f328950029e4a541c1eef829961386f78c4a12e8b37ba,ea72ba6b32f8b837362c522da75b24035a2bd252ac0dd45d86d18ad92fb7be4d,3705980,3705980,True,"[518000.0,4664000.0,519999.99,4665999.99]",EPSG:25829,train,True,,0.009999999776482582,145563.0537315056,52801.52838697182
PNOA_2015_GAL-W_518-4668_ORT-CLA-COL,GAL-W-2015,518,4668,data/raw/pnoa_galicia/PNOA_2015_GAL-W_518-4668_ORT-CLA-COL.laz,data/raw/pnoa_galicia/PNOA_2015_GAL-W_518-4668_ORT-CLA-CIR.laz,29341649,29110684,c6cb3b2e146d7445395f95c59aada90ad725d39e0675fbf1edd4abc99a0b71db,914c8ea26faf650a1d4b8dacb95b782eae1d035bb16df977ef399bee41470e65,3957095,3957095,True,"[518000.0,4666000.0,519999.99,4667999.99]",EPSG:25829,train,True,,0.00999999966006726,143612.6824886556,53665.64487640291
PNOA_2015_GAL-W_518-4670_ORT-CLA-COL,GAL-W-2015,518,4670,data/raw/pnoa_galicia/PNOA_2015_GAL-W_518-4670_ORT-CLA-COL.laz,data/raw/pnoa_galicia/PNOA_2015_GAL-W_518-4670_ORT-CLA-CIR.laz,32675527,32186603,d96d7878476382b6bbcf0e20305ca298becae7571a73e6afb26827323b9c4c76,d6070873453ba8417c9e6f2ccb6d031e9fbcf09f2add86c7e065a8bf18074667,4262836,4262836,True,"[518000.0,4668000.0,519999.99,4669999.99]",EPSG:25829,train,True,,0.009999989531934261,141663.6951781706,54589.38981157592
PNOA_2015_GAL-W_518-4672_ORT-CLA-COL,GAL-W-2015,518,4672,data/raw/pnoa_galicia/PNOA_2015_GAL-W_518-4672_ORT-CLA-COL.laz,data/raw/pnoa_galicia/PNOA_2015_GAL-W_518-4672_ORT-CLA-CIR.laz,25503742,24901356,e271dd293b02e321ee2afd7bdc42dc0ac8f38862fb0b2b02bca32353a254a06d,e03d3ff09c9d17a8c971f9141622b821fc0e5d8bc573e205c30a28a72a3bbbd6,3577653,3536200,False,"[517999.9999999997,4669999.99999999,519999.9899999997,4671999.98999999]",EPSG:2158,train,True,,0.009999989531934261,139716.1497160678,55569.789634293586
PNOA_2015_GAL-W_518-4674_ORT-CLA-COL,GAL-W-2015,518,4674,data/raw/pnoa_galicia/PNOA_2015_GAL-W_518-4674_ORT-CLA-COL.laz,data/raw/pnoa_galicia/PNOA_2015_GAL-W_518-4674_ORT-CLA-CIR.laz,20435988,19871676,0ed094ea1bd6ca415008de2bd72045d038fe66dd97a2d3dabbce6141e57f8133,dce63ee72991f02a1796e0537e72f975f22a0f0d7b0f8df1eb453a1aacf5639a,3034911,2999976,False,"[517999.9999999997,4671999.999999992,519999.9899999997,4673999.989999992]",EPSG:2158,train,True,,0.009999999718274921,137770.1072490994,56603.900572307844
PNOA_2015_GAL-W_518-4676_ORT-CLA-COL,GAL-W-2015,518,4676,data/raw/pnoa_galicia/PNOA_2015_GAL-W_518-4676_ORT-CLA-COL.laz,data/raw/pnoa_galicia/PNOA_2015_GAL-W_518-4676_ORT-CLA-CIR.laz,10395771,9817668,3da624ac565078d4e8a0eb1cfa9d9cf55154e10786f5b5cbd94773d94db1ec20,12d876bd3f798b736cc24fa77cf70b677f71ebc2e5deff858afa1569b741019a,1678776,1678776,True,"[518000.0,4674000.0,519999.99,4675999.99]",EPSG:25829,train,True,,0.009999882080592215,135825.63237979906,57688.83427492868
PNOA_2015_GAL-W_518-4678_ORT-CLA-COL,GAL-W-2015,518,4678,data/raw/pnoa_galicia/PNOA_2015_GAL-W_518-4678_ORT-CLA-COL.laz,data/raw/pnoa_galicia/PNOA_2015_GAL-W_518-4678_ORT-CLA-CIR.laz,4421817,4024189,9922f75b14f66e803a941c0dffb08c98607ae0f096c5a5b1203fa906cc426788,9fcf81dde6a8828458e3087e32c1b544a23c87f5928a3a66f6cedf6ca468558e,874088,874088,True,"[518000.0000001329,4676000.000012486,519999.9900001329,4677999.990012486]",EPSG:32629,train,True,,0.009987513534724712,133882.79339804503,58821.77862693794
PNOA_2015_GAL-W_518-4680_ORT-CLA-COL,GAL-W-2015,518,4680,data/raw/pnoa_galicia/PNOA_2015_GAL-W_518-4680_ORT-CLA-COL.laz,data/raw/pnoa_galicia/PNOA_2015_GAL-W_518-4680_ORT-CLA-CIR.laz,15549622,14892566,ec8bf65cfdd1b03cb5860d1db4df4ac977b761398a94a5587886ff4d5986d993,05362b294012d3b9cfc06526a2346353182163f7c67e529fea6705e1b1541232,2268426,2268426,True,"[518000.0,4678000.0,519999.99,4679999.99]",EPSG:25829,train,True,,0.009987513534724712,131941.66260611077,60000.01399999991
PNOA_2015_GAL-W_518-4682_ORT-CLA-COL,GAL-W-2015,518,4682,data/raw/pnoa_galicia/PNOA_2015_GAL-W_518-4682_ORT-CLA-COL.laz,data/raw/pnoa_galicia/PNOA_2015_GAL-W_518-4682_ORT-CLA-CIR.laz,27434252,26726475,864a8637a9e2925af37d8c2ba53ec99d3a27bf5a1e0536ae78c824c657bf5be6,afccb2960dd58e9a7d9babec334eb67a623a791104812db0638d16458a3979d9,3663209,3663209,True,"[518000.0,4680000.0,519999.99,4681999.99]",EPSG:25829,train,True,,0.009999999776482582,130002.31648401884,61220.92550754345
PNOA_2015_GAL-W_518-4684_ORT-CLA-COL,GAL-W-2015,518,4684,data/raw/pnoa_galicia/PNOA_2015_GAL-W_518-4684_ORT-CLA-COL.laz,data/raw/pnoa_galicia/PNOA_2015_GAL-W_518-4684_ORT-CLA-CIR.laz,38416930,37301540,9862245737c3f2521bac0f6f87e0ab9439c5206a5fc44e9583245470c521bb02,89bb39c2a9054a4c2bd8720c0812f80bd977e532f40321388d7aa45ce9faf197,4749230,4749230,True,"[518000.0,4682000.0,519999.99,4683999.99]",EPSG:25829,train,True,,0.009999999718274921,128064.83612279064,62482.0114913099
PNOA_2015_GAL-W_518-4686_ORT-CLA-COL,GAL-W-2015,518,4686,data/raw/pnoa_galicia/PNOA_2015_GAL-W_518-4686_ORT-CLA-COL.laz,data/raw/pnoa_galicia/PNOA_2015_GAL-W_518-4686_ORT-CLA-CIR.laz,35582793,34345804,884146e2723e6455a444c250aa326be7cac785680f79c7ef25a114a3c6526b70,dfdc20cdd157f29a6ada1fcc1bc692741ab9eb6db50653dabf3ebfd7da804767,4461416,4461416,True,"[518000.0,4684000.0,519999.99,4685999.99]",EPSG:25829,train,True,,0.009999999776482582,126129.30750267144,63780.88898722079
PNOA_2015_GAL-W_520-4664_ORT-CLA-COL,GAL-W-2015,520,4664,data/raw/pnoa_galicia/PNOA_2015_GAL-W_520-4664_ORT-CLA-COL.laz,data/raw/pnoa_galicia/PNOA_2015_GAL-W_520-4664_ORT-CLA-CIR.laz,34390094,33505977,1ebe99f5b8afdd80d8c892e2ad22836e4ce36c5d6c3f8b204c4a551eab2fc351,0be4999343300a22dd686ec16b7564d3dc54e9c2b71a89baaeac6cf459aec244,4567662,4513675,False,"[519999.99999999977,4661999.999999991,521999.98999999976,4663999.989999991]",EPSG:2158,train,True,,0.009999999776482582,147093.72920589108,50159.75797389617
PNOA_2015_GAL-W_520-4666_ORT-CLA-COL,GAL-W-2015,520,4666,data/raw/pnoa_galicia/PNOA_2015_GAL-W_520-4666_ORT-CLA-COL.laz,data/raw/pnoa_galicia/PNOA_2015_GAL-W_520-4666_ORT-CLA-CIR.laz,40318118,39995007,fe07ba0e0bf8bd8950337cf4e7d40ca80e98602f7d4e23ff1bc9e9192c43fdbd,2493de5b2fec3fb89427deb19b245d6674940efcd108105c4b9cd97fc9beeb23,5273645,5273645,True,"[520000.0,4664000.0,521999.99,4665999.99]",EPSG:25829,train,True,,0.009999988600611687,145136.36736407434,50990.208471825164
PNOA_2015_GAL-W_520-4668_ORT-CLA-COL,GAL-W-2015,520,4668,data/raw/pnoa_galicia/PNOA_2015_GAL-W_520-4668_ORT-CLA-COL.laz,data/raw/pnoa_galicia/PNOA_2015_GAL-W_520-4668_ORT-CLA-CIR.laz,37679411,36965548,f7a8ccdc385b227c02223718fa873f71e5fa0efbc2888ae1cab3fdbb49cf6959,11b7cf8576957e14495c2037df53a5638762cd7072569275922f88f1219581f0,4942877,4882744,False,"[519999.99999999965,4665999.999999989,521999.98999999964,4667999.989999989]",EPSG:2158,train,True,,0.009999988600611687,143180.18400459236,51884.50057579514
PNOA_2015_GAL-W_520-4670_ORT-CLA-COL,GAL-W-2015,520,4670,data/raw/pnoa_galicia/PNOA_2015_GAL-W_520-4670_ORT-CLA-COL.laz,data/raw/pnoa_galicia/PNOA_2015_GAL-W_520-4670_ORT-CLA-CIR.laz,38194394,38033654,6a6ff23a0810e2f55ac702c5e7ad80a13d1646071f4fa3c4dcbdec51ecd1c3ba,0c8da1c3d9aadc362bc6fdc6eca923e1dce502a42af30f44211f15504f05e20c,4991061,4991061,True,"[520000.0,4668000.0,521999.99,4669999.99]",EPSG:25829,train,True,,0.009999999427236617,141225.22809870762,52839.39288069261
PNOA_2015_GAL-W_520-4672_ORT-CLA-COL,GAL-W-2015,520,4672,data/raw/pnoa_galicia/PNOA_2015_GAL-W_520-4672_ORT-CLA-COL.laz,data/raw/pnoa_galicia/PNOA_2015_GAL-W_520-4672_ORT-CLA-CIR.laz,34534696,34376647,bb14ff8e66ffacf37507b697cdc81d0a9484ed3d1ec79c84dfa66e8c2134a29e,c97f81272d0d175d4af34e3007bbc448968123b18bad0c04d98d7eef0f10364a,4628606,4628606,True,"[520000.0,4670000.0,521999.99,4671999.99]",EPSG:25829,train,True,,0.009999989531934261,139271.5513357923,53851.66181280006
PNOA_2015_GAL-W_520-4674_ORT-CLA-COL,GAL-W-2015,520,4674,data/raw/pnoa_galicia/PNOA_2015_GAL-W_520-4674_ORT-CLA-COL.laz,data/raw/pnoa_galicia/PNOA_2015_GAL-W_520-4674_ORT-CLA-CIR.laz,25086010,24538513,6499cd0917ac071b6c7486b3a0ef0c5fb09d790f6c393f228c473accf3b25abe,799ab1d3a0a3a89f87946d2c97af2cd1d3709b1f774b095f5bf5eb0470e13073,3747716,3708041,False,"[519999.9999999997,4671999.99999999,521999.9899999997,4673999.98999999]",EPSG:2158,train,True,,0.009999989531934261,137319.20831197366,54918.13470976231
PNOA_2015_GAL-W_520-4676_ORT-CLA-COL,GAL-W-2015,520,4676,data/raw/pnoa_galicia/PNOA_2015_GAL-W_520-4676_ORT-CLA-COL.laz,data/raw/pnoa_galicia/PNOA_2015_GAL-W_520-4676_ORT-CLA-CIR.laz,19064684,18170392,c1b48c53ab397e680d450680cb7f2acd98b5dda587ff197a3ae7394bd1a9d0c9,a90cb0fc8273fd8b08d2cdfed78d6bb7f3b20b53f58acd79beac2cd007f6d4dd,2737601,2705404,False,"[519999.9999999993,4673999.999999981,521999.9899999993,4675999.989999982]",EPSG:25829,train,True,,0.00999999139457941,135368.25673464086,56035.71682417437
PNOA_2015_GAL-W_520-4678_ORT-CLA-COL,GAL-W-2015,520,4678,data/raw/pnoa_galicia/PNOA_2015_GAL-W_520-4678_ORT-CLA-COL.laz,data/raw/pnoa_galicia/PNOA_2015_GAL-W_520-4678_ORT-CLA-CIR.laz,5050608,4550616,fa3c3c7d8674bc26dd85660cd97b1961efdd56f678687511209365131b1b07a7,1c621885f4c3a2ab166a2185fd60abf40d87af36088ef9551f4d3604ccfdd7bf,848073,848073,True,"[520000.0,4676000.0,521999.98,4677999.99]",EPSG:25829,train,True,,0.00999986712122336,133418.75989344378,57201.42061173382
PNOA_2015_GAL-W_520-4680_ORT-CLA-COL,GAL-W-2015,520,4680,data/raw/pnoa_galicia/PNOA_2015_GAL-W_520-4680_ORT-CLA-COL.laz,data/raw/pnoa_galicia/PNOA_2015_GAL-W_520-4680_ORT-CLA-CIR.laz,9155914,8683686,ef31d00c290a4afbcc5a77f159f792b3443b4ea5ae17d0949472f336ab20e77b,5aeacd52efd2cb6e0d6aa5e11f6c30f83ae1f6c9c750bd0a362936159510a8a3,1323034,1323034,True,"[520000.0,4678000.0,521999.99,4679999.99]",EPSG:25829,train,True,,0.009999999776482582,131470.7756547558,58412.341504173455
PNOA_2015_GAL-W_520-4682_ORT-CLA-COL,GAL-W-2015,520,4682,data/raw/pnoa_galicia/PNOA_2015_GAL-W_520-4682_ORT-CLA-COL.laz,data/raw/pnoa_galicia/PNOA_2015_GAL-W_520-4682_ORT-CLA-CIR.laz,27018074,26418857,fc1489312e48e8f757365e59da574e77bcc94b7fabb256393a36238431c499b5,810340d6eb17d1e7e3eb3f28a42354d5655c1095dfa596027b3081bc2d20ad53,3537371,3537371,True,"[520000.0,4680000.0,521999.99,4681999.99]",EPSG:25829,train,True,,0.00999999139457941,129524.37921568802,59665.74963913706
PNOA_2015_GAL-W_520-4684_ORT-CLA-COL,GAL-W-2015,520,4684,data/raw/pnoa_galicia/PNOA_2015_GAL-W_520-4684_ORT-CLA-COL.laz,data/raw/pnoa_galicia/PNOA_2015_GAL-W_520-4684_ORT-CLA-CIR.laz,35908346,34636953,03c9ac14ad8a8bedb807bbe7d2cf4729524b54f965b8c35f0a1d2ef3ef1f366f,b9177346a6670a584cf8d8e20d0c361ed8a2b36f1d0e1a96d3c80649a8c67386,4737286,4681514,False,"[519999.9999999997,4681999.999999992,521999.9899999997,4683999.989999992]",EPSG:2158,train,True,,0.00999999139457941,127579.64089602102,60959.01672434964
PNOA_2015_GAL-W_520-4686_ORT-CLA-COL,GAL-W-2015,520,4686,data/raw/pnoa_galicia/PNOA_2015_GAL-W_520-4686_ORT-CLA-COL.laz,data/raw/pnoa_galicia/PNOA_2015_GAL-W_520-4686_ORT-CLA-CIR.laz,42879510,41967389,4d8f92f89c67ab69d6280bcfd2378e15dd9c818057868768ba413ec2cbc0acd2,ba3e2124ea0aef4b03b4047fc40def5fb6afddf2d59404aaa4cb3fc097beba40,5371260,5371260,True,"[520000.0,4684000.0,521999.99,4685999.99]",EPSG:25829,train,True,,0.010000000009313226,125636.63769419257,62289.660137138184
PNOA_2015_GAL-W_522-4664_ORT-CLA-COL,GAL-W-2015,522,4664,data/raw/pnoa_galicia/PNOA_2015_GAL-W_522-4664_ORT-CLA-COL.laz,data/raw/pnoa_galicia/PNOA_2015_GAL-W_522-4664_ORT-CLA-CIR.laz,28960588,28078875,b04d7dd8ee04aefb49a3b4dc25b95dc9ce65a38babed88d6bd19bebb9d638ecd,0245ac916bd1bce696374b6e4806804507115f9cd9b6de2d21686c6a8e1d3187,3842927,3790977,False,"[521999.9999999999,4661999.999999989,523999.9899999999,4663999.989999989]",EPSG:2158,train,True,,0.009999998845160007,146698.76513350377,48332.19713606816
PNOA_2015_GAL-W_522-4666_ORT-CLA-COL,GAL-W-2015,522,4666,data/raw/pnoa_galicia/PNOA_2015_GAL-W_522-4666_ORT-CLA-COL.laz,data/raw/pnoa_galicia/PNOA_2015_GAL-W_522-4666_ORT-CLA-CIR.laz,23084446,22597921,99262fa43f7f069a9a87dde98741083e98912bd5888205c44826f7216159752f,0ad378168d13b3a7f67464e8c662b1ace5acfafd857475d100a5f89d435c87cd,3449736,3404421,False,"[521999.9999999997,4663999.999999988,523999.9899999997,4665999.989999988]",EPSG:2158,train,True,,0.009999998845160007,144736.06202892686,49193.5089213982
PNOA_2015_GAL-W_522-4668_ORT-CLA-COL,GAL-W-2015,522,4668,data/raw/pnoa_galicia/PNOA_2015_GAL-W_522-4668_ORT-CLA-COL.laz,data/raw/pnoa_galicia/PNOA_2015_GAL-W_522-4668_ORT-CLA-CIR.laz,26193043,25961157,cddb0ff51d15fb127d9f7e6eed4642714c35331ad6d30701ad31b4ddab91a362,c1e4b42fd861ac02c1dde70c061337d0990b2d168c72e1735691f97ea9b279f9,3568992,3522479,False,"[521999.9999999997,4665999.999999989,523999.9899999997,4667999.989999989]",EPSG:2158,train,True,,0.009999988600611687,142774.39410338004,50119.869912038674
PNOA_2015_GAL-W_522-4670_ORT-CLA-COL,GAL-W-2015,522,4670,data/raw/pnoa_galicia/PNOA_2015_GAL-W_522-4670_ORT-CLA-COL.laz,data/raw/pnoa_galicia/PNOA_2015_GAL-W_522-4670_ORT-CLA-CIR.laz,22303319,21898485,ed340bcba40c47ad7363b33bdb4c2a9880dd78a607dacebe9aaf7454da2eaf7c,1c564219d98f403fb4faf02129b9d335254720f62d2d71705e22a161562eb0fe,3129257,3089891,False,"[521999.9999999994,4667999.999999978,523999.9899999994,4669999.989999978]",EPSG:25829,train,True,,0.009999988600611687,140813.80461991843,51107.7430532701
PNOA_2015_GAL-W_522-4672_ORT-CLA-COL,GAL-W-2015,522,4672,data/raw/pnoa_galicia/PNOA_2015_GAL-W_522-4672_ORT-CLA-COL.laz,data/raw/pnoa_galicia/PNOA_2015_GAL-W_522-4672_ORT-CLA-CIR.laz,22655307,22249677,9e00b3cc253d6d039a45e7a6f791b1a86b6e2522f52a96db72c9b50c147f727e,93b04847fcaa2bb4a839a251d8c890419d994f32193df7ffb2428f3592ae190a,3076610,3038841,False,"[521999.9999999997,4669999.999999988,523999.9899999997,4671999.989999988]",EPSG:2158,train,True,,0.009999999718274921,138854.33926053552,52153.63304698471
PNOA_2015_GAL-W_522-4674_ORT-CLA-COL,GAL-W-2015,522,4674,data/raw/pnoa_galicia/PNOA_2015_GAL-W_522-4674_ORT-CLA-COL.laz,data/raw/pnoa_galicia/PNOA_2015_GAL-W_522-4674_ORT-CLA-CIR.laz,22909075,22893979,61db5426b83e7a82b6a9ab2c4a6dcc7b17677f4036840d7d89aec564233d4476,f9484f3488954317fe805c612492e10feb144165f09d4ec09ebd3ddc76e51584,3134472,3134472,True,"[522000.0,4672000.0,523999.99,4673999.99]",EPSG:25829,train,True,,0.00999996718019247,136896.04629580362,53254.12171841901
PNOA_2015_GAL-W_522-4676_ORT-CLA-COL,GAL-W-2015,522,4676,data/raw/pnoa_galicia/PNOA_2015_GAL-W_522-4676_ORT-CLA-COL.laz,data/raw/pnoa_galicia/PNOA_2015_GAL-W_522-4676_ORT-CLA-CIR.laz,20504064,19960201,e11aa3df0eb7358dcf5ea3384154dfb5dfd979f527c3f33d2f46899557db7ade,b1e8daba9c4594521ea2901de69d4a7a5e4337d277c271254e79e7836dc2989f,3030351,2993297,False,"[521999.99999999936,4673999.999999967,523999.98999999935,4675999.989999968]",EPSG:2158,train,True,,0.00999996718019247,134938.97676867747,54405.89600400086
PNOA_2015_GAL-W_522-4678_ORT-CLA-COL,GAL-W-2015,522,4678,data/raw/pnoa_galicia/PNOA_2015_GAL-W_522-4678_ORT-CLA-COL.laz,data/raw/pnoa_galicia/PNOA_2015_GAL-W_522-4678_ORT-CLA-CIR.laz,9453114,8634044,367591dda5362943ae24f00780239aabb8600b630640169bc853484ca996a5e5,01c3bf3334037220ef4c7b0733d687c3f4632d74ef5c425a4abd8c5d8b027082,1552266,1552266,True,"[522000.0,4676000.0,523999.99,4677999.99]",EPSG:25829,train,True,,0.009999999776482582,132983.18469383736,55605.7691251563
PNOA_2015_GAL-W_522-4680_ORT-CLA-COL,GAL-W-2015,522,4680,data/raw/pnoa_galicia/PNOA_2015_GAL-W_522-4680_ORT-CLA-COL.laz,data/raw/pnoa_galicia/PNOA_2015_GAL-W_522-4680_ORT-CLA-CIR.laz,4496572,4211467,be96a4cf0d74fffffd1acd90e8b68a1a087b3b8b1677d25a54df3a494d1e43fe,cc56ca5595bf99d17f28fc8bd6d9d380f7d6f0dc86dbfa95e667631a1ccac305,853125,853125,True,"[522000.0000001626,4678000.000012497,523999.99000016256,4679999.990012498]",EPSG:32629,train,True,,0.009987502358853817,131028.7272625856,56850.69569394637
PNOA_2015_GAL-W_522-4682_ORT-CLA-COL,GAL-W-2015,522,4682,data/raw/pnoa_galicia/PNOA_2015_GAL-W_522-4682_ORT-CLA-COL.laz,data/raw/pnoa_galicia/PNOA_2015_GAL-W_522-4682_ORT-CLA-CIR.laz,9142235,8558884,305892856cbe7761a8abcada075ab7ac0a5477795859335f189b281798ea8493,7ce8ec717b178a9a756514b7f31893c1f15d5ca02efc7818c13ca3d24535babc,1386772,1386772,True,"[522000.0,4680000.0,523999.99,4681999.99]",EPSG:25829,train,True,,0.009987502358853817,129075.66513951309,58137.78151942318
PNOA_2015_GAL-W_522-4684_ORT-CLA-COL,GAL-W-2015,522,4684,data/raw/pnoa_galicia/PNOA_2015_GAL-W_522-4684_ORT-CLA-COL.laz,data/raw/pnoa_galicia/PNOA_2015_GAL-W_522-4684_ORT-CLA-CIR.laz,27812520,27127945,1a0575c444911b756363a00fb077211fabfb8149bec53320aae4031a6a7e4edb,bb58a70ad5458cdc0d6b97770b1fbc0927723ca95c10c05160124ec36e340ff2,3472985,3472985,True,"[522000.0,4682000.0,523999.99,4683999.99]",EPSG:25829,train,True,,0.009999999776482582,127124.06259695267,59464.28911540256
PNOA_2015_GAL-W_524-4664_ORT-CLA-COL,GAL-W-2015,524,4664,data/raw/pnoa_galicia/PNOA_2015_GAL-W_524-4664_ORT-CLA-COL.laz,data/raw/pnoa_galicia/PNOA_2015_GAL-W_524-4664_ORT-CLA-CIR.laz,31748196,30904288,e451e81855f7e63157eb06df02cd958eef73d3462806e7e428b2afd7cc937b3c,89316e195fc6661b4869d605c483f596a9fc9c5c3501b91d7c69b24e73c623c8,4665107,4665107,True,"[524000.0,4662000.0,525999.99,4663999.99]",EPSG:25829,train,True,,0.009999999776482582,146330.07282062713,46518.82672639317
PNOA_2015_GAL-W_524-4666_ORT-CLA-COL,GAL-W-2015,524,4666,data/raw/pnoa_galicia/PNOA_2015_GAL-W_524-4666_ORT-CLA-COL.laz,data/raw/pnoa_galicia/PNOA_2015_GAL-W_524-4666_ORT-CLA-CIR.laz,34541083,33516811,ce875bee1c4665e4da97336e7e2be8f5c89f8e25a53ef26c90bb1bf2e732206a,7febb5ea2452259f77c2d5384eafe793aa839a1850c9d02431e1adda20648b50,4893034,4893034,True,"[524000.0,4664000.0,525999.99,4665999.99]",EPSG:25829,train,True,,0.009999999776482582,144362.35718370724,47413.091862904184
PNOA_2015_GAL-W_524-4668_ORT-CLA-COL,GAL-W-2015,524,4668,data/raw/pnoa_galicia/PNOA_2015_GAL-W_524-4668_ORT-CLA-COL.laz,data/raw/pnoa_galicia/PNOA_2015_GAL-W_524-4668_ORT-CLA-CIR.laz,36298000,35065773,84806a55c57b18a8d53463f1c002c2f5f24df57aa765fe50a10c8e94204e6050,4108bb66659dd8eb9be77160db82f2c6280974e98e710965475586826d021f7b,4995188,4995188,True,"[524000.0,4666000.0,525999.99,4667999.99]",EPSG:25829,train,True,,0.009999999776482582,142395.5411225453,48373.56013361214
PNOA_2015_GAL-W_524-4670_ORT-CLA-COL,GAL-W-2015,524,4670,data/raw/pnoa_galicia/PNOA_2015_GAL-W_524-4670_ORT-CLA-COL.laz,data/raw/pnoa_galicia/PNOA_2015_GAL-W_524-4670_ORT-CLA-CIR.laz,34265841,33643077,ba4ef61c4d12bd557a4f0ef8f54b5e352b6174d9681844278951741887167dcb,b3ff9db2337eebd9f52bd204bdd8965dcbf48bb16e7caebb8a94bc43befd880c,4793468,4793468,True,"[524000.0,4668000.0,525999.99,4669999.99]",EPSG:25829,train,True,,0.009999999776482582,140429.66243471752,49396.36990711148
PNOA_2015_GAL-W_524-4672_ORT-CLA-COL,GAL-W-2015,524,4672,data/raw/pnoa_galicia/PNOA_2015_GAL-W_524-4672_ORT-CLA-COL.laz,data/raw/pnoa_galicia/PNOA_2015_GAL-W_524-4672_ORT-CLA-CIR.laz,32039177,31673327,5e3e87bc133311c8aea4e2c693421a60c57de4e040b1fe730832befab309b3f0,814798c16ac0133ee74a711c5e793b40b80cc9ed51d30b6cc939b3e72ce359ca,4371669,4371669,True,"[524000.0,4670000.0,525999.99,4671999.99]",EPSG:25829,train,True,,0.009999975562095642,138464.76104581606,50477.73172400072
PNOA_2015_GAL-W_524-4674_ORT-CLA-COL,GAL-W-2015,524,4674,data/raw/pnoa_galicia/PNOA_2015_GAL-W_524-4674_ORT-CLA-COL.laz,data/raw/pnoa_galicia/PNOA_2015_GAL-W_524-4674_ORT-CLA-CIR.laz,28092836,27806831,76d7d270e609726ba36e0da840c5c208ee44c37f2f4332dd79a65935b6a4a3aa,7059ca6df6aeb77be4b935fa2ff1f0629fc89af8cd2467c61c0ae918e2284024,4013725,3972102,False,"[523999.99999999953,4671999.999999976,525999.9899999995,4673999.989999976]",EPSG:25829,train,True,,0.009999975562095642,136500.87915990755,51613.965551958645
PNOA_2015_GAL-W_524-4676_ORT-CLA-COL,GAL-W-2015,524,4676,data/raw/pnoa_galicia/PNOA_2015_GAL-W_524-4676_ORT-CLA-COL.laz,data/raw/pnoa_galicia/PNOA_2015_GAL-W_524-4676_ORT-CLA-CIR.laz,24040011,23420838,512c0bb3188590e9f5f98b61a8434eaab914d3f9d2827669ad7fbc0d1eb4df0e,80312d03b23c8802bce2a7d61fc8a3bebcd9517d03e87ae25213c06514c9fbb4,3928304,3886937,False,"[523999.9999999999,4673999.999999975,525999.9899999999,4675999.989999975]",EPSG:25829,train,True,,0.009999998845160007,134538.06142268455,52801.52914451045
PNOA_2015_GAL-W_524-4678_ORT-CLA-COL,GAL-W-2015,524,4678,data/raw/pnoa_galicia/PNOA_2015_GAL-W_524-4678_ORT-CLA-COL.laz,data/raw/pnoa_galicia/PNOA_2015_GAL-W_524-4678_ORT-CLA-CIR.laz,24742633,23980081,be3c2430d3f02cb93fc3c9e1ab193864a93690d2b117856cae6cfdda0a40d915,04c7eb5ee331099934ddb63e194c028b52cc79614c389d51e9f875ba91f79d5b,3923325,3879942,False,"[523999.99999999977,4675999.999999988,525999.9899999998,4677999.989999988]",EPSG:2158,train,True,,0.009999999776482582,132576.355098927,54037.038408848624
PNOA_2015_GAL-W_524-4680_ORT-CLA-COL,GAL-W-2015,524,4680,data/raw/pnoa_galicia/PNOA_2015_GAL-W_524-4680_ORT-CLA-COL.laz,data/raw/pnoa_galicia/PNOA_2015_GAL-W_524-4680_ORT-CLA-CIR.laz,11150530,10984614,a22e5b95340c2e583ba39d88e10925564ca6e4bb84095e5a14f982db884d7f80,e805b92f9e16147f98af8c1918723670df1f477521960b471b77d62453bdc894,1638921,1638921,True,"[524000.0,4678000.0,525999.99,4679999.99]",EPSG:25829,train,True,,0.009999837435316294,130615.81026529617,55317.28084423696
PNOA_2015_GAL-W_524-4682_ORT-CLA-COL,GAL-W-2015,524,4682,data/raw/pnoa_galicia/PNOA_2015_GAL-W_524-4682_ORT-CLA-COL.laz,data/raw/pnoa_galicia/PNOA_2015_GAL-W_524-4682_ORT-CLA-CIR.laz,20728688,19876791,685b748367e9c8a3b0c3f820fc70249ed9980c9955fc6661bcdde92da7ba7b2e,222d4813e55d905d042f9a65f9e4859b0f856821b442ec050132864d106e47c6,2868693,2868693,True,"[524000.0,4680000.0,525999.99,4681999.99]",EPSG:25829,train,True,,0.009999999776482582,128656.48002026978,56639.22315851608
PNOA_2015_GAL-W_524-4684_ORT-CLA-COL,GAL-W-2015,524,4684,data/raw/pnoa_galicia/PNOA_2015_GAL-W_524-4684_ORT-CLA-COL.laz,data/raw/pnoa_galicia/PNOA_2015_GAL-W_524-4684_ORT-CLA-CIR.laz,34632324,33312547,25cd653609cd516fc6eed0e554c0a4c63b072c46c88a9611bec64284ff1bd183,7f0fb262138f4968f324b55ec5be4b16b50046a1588dd4b70a1c783b370ac771,4670080,4670080,True,"[524000.0,4682000.0,525999.99,4683999.99]",EPSG:25829,train,True,,0.009999999776482582,126698.42071293668,58000.01413793089
PNOA_2015_GAL-W_526-4664_ORT-CLA-COL,GAL-W-2015,526,4664,data/raw/pnoa_galicia/PNOA_2015_GAL-W_526-4664_ORT-CLA-COL.laz,data/raw/pnoa_galicia/PNOA_2015_GAL-W_526-4664_ORT-CLA-CIR.laz,30432205,30174072,b1e1c952fd553cbd3a692434cf267e698534d8d3714afeeade097b570002e368,5670a7e010f4eae0b5ccae8af6ea53d413f92f20b8b6aac75467ef97d31b2d91,4073484,4073484,True,"[526000.0,4662000.0,527999.99,4663999.99]",EPSG:25829,train,True,,0.009999999776482582,145987.85131540362,44721.37296640379
PNOA_2015_GAL-W_526-4666_ORT-CLA-COL,GAL-W-2015,526,4666,data/raw/pnoa_galicia/PNOA_2015_GAL-W_526-4666_ORT-CLA-COL.laz,data/raw/pnoa_galicia/PNOA_2015_GAL-W_526-4666_ORT-CLA-CIR.laz,33419728,32796376,9e3676d4987531428dd850d35f94b3a5bc27cb1b32b9431c615c385f2886ab57,8da5b2adecf6db5e675c79fd7434d9589ce6c7aa868a47c87921f8dfebeddda5,4337880,4337880,True,"[526000.0,4664000.0,527999.99,4665999.99]",EPSG:25829,train,True,,0.009999999776482582,144015.45990495128,45650.862423399965
PNOA_2015_GAL-W_526-4668_ORT-CLA-COL,GAL-W-2015,526,4668,data/raw/pnoa_galicia/PNOA_2015_GAL-W_526-4668_ORT-CLA-COL.laz,data/raw/pnoa_galicia/PNOA_2015_GAL-W_526-4668_ORT-CLA-CIR.laz,30950023,30415795,9cfbcffab98e61d37eb1ad1ca1dc3874ed65c04d8dd077233f448e8b880a68a2,7cd06c96fa17a41a7a5dd5c025b3031853a6127418511ba60cb4c0083b5ef718,4207174,4207174,True,"[526000.0,4666000.0,527999.99,4667999.99]",EPSG:25829,train,True,,0.009999999776482582,142043.84059712288,46647.62887864924
PNOA_2015_GAL-W_526-4670_ORT-CLA-COL,GAL-W-2015,526,4670,data/raw/pnoa_galicia/PNOA_2015_GAL-W_526-4670_ORT-CLA-COL.laz,data/raw/pnoa_galicia/PNOA_2015_GAL-W_526-4670_ORT-CLA-CIR.laz,33289131,32453188,670ab07a7c86b99cad82934935bfba9c4f87def3f3a4084a1edac3c257ea6030,379f72a76f68b68ef97fe5a195f06cf927c698e833fd340ec00111e9d646d6c6,4370747,4370747,True,"[526000.0,4668000.0,527999.99,4669999.99]",EPSG:25829,train,True,,0.009999999776482582,140073.02599546808,47707.455601825895
PNOA_2015_GAL-W_526-4672_ORT-CLA-COL,GAL-W-2015,526,4672,data/raw/pnoa_galicia/PNOA_2015_GAL-W_526-4672_ORT-CLA-COL.laz,data/raw/pnoa_galicia/PNOA_2015_GAL-W_526-4672_ORT-CLA-CIR.laz,34320192,33808264,4b6cc604baed0d36977007a745c7c3ea541ffac3fd5a51233380baa62b3dc569,0c81d2912babd8d9a4ac03f14ce0b6593360fe055b1a9d9dc532fc27ca4f6580,4525510,4525510,True,"[526000.0,4670000.0,527999.99,4671999.99]",EPSG:25829,train,True,,0.009999999776482582,138103.0505509321,48826.2363898774
PNOA_2015_GAL-W_526-4674_ORT-CLA-COL,GAL-W-2015,526,4674,data/raw/pnoa_galicia/PNOA_2015_GAL-W_526-4674_ORT-CLA-COL.laz,data/raw/pnoa_galicia/PNOA_2015_GAL-W_526-4674_ORT-CLA-CIR.laz,26085354,25939381,80cd5b2b957fb958ecc8a6a49b44b12f34db10f9a37c4949eaae5ec927dffd86,8393c89463952e6de3d71b66fb709d45f8617e188269448541b2ecf41b875ba9,3796309,3796309,True,"[526000.0,4672000.0,527999.99,4673999.99]",EPSG:25829,train,True,,0.009999973699450493,136133.9506934972,50000.013999999916
PNOA_2015_GAL-W_526-4676_ORT-CLA-COL,GAL-W-2015,526,4676,data/raw/pnoa_galicia/PNOA_2015_GAL-W_526-4676_ORT-CLA-COL.laz,data/raw/pnoa_galicia/PNOA_2015_GAL-W_526-4676_ORT-CLA-CIR.laz,25410177,25013309,f1a79ed3c004f8588d47375ab3a07a98eaddb12382a47d86f6bd26c62db6811f,95c60d09d1058ddc210179fabb9840ad933772d2c148d57923c4fc3dcfccd6af,3540402,3500951,False,"[525999.9999999997,4673999.999999974,527999.9899999996,4675999.989999974]",EPSG:25829,train,True,,0.009999973699450493,134165.7649751704,51225.00795508523
PNOA_2015_GAL-W_526-4678_ORT-CLA-COL,GAL-W-2015,526,4678,data/raw/pnoa_galicia/PNOA_2015_GAL-W_526-4678_ORT-CLA-COL.laz,data/raw/pnoa_galicia/PNOA_2015_GAL-W_526-4678_ORT-CLA-CIR.laz,28275839,27908839,931ee3a3cc00232d04d07b0a1df6e098b3897f38cfa0c5f1a353c39413291f7a,000b9a8c51dec87b1ffe66cd427160c403c33918a921ae11cb39f6267e01b397,3919527,3919527,True,"[526000.0,4676000.0,527999.99,4677999.99]",EPSG:25829,train,True,,0.009999984875321388,132198.53422527795,52497.633089504
PNOA_2015_GAL-W_526-4680_ORT-CLA-COL,GAL-W-2015,526,4680,data/raw/pnoa_galicia/PNOA_2015_GAL-W_526-4680_ORT-CLA-COL.laz,data/raw/pnoa_galicia/PNOA_2015_GAL-W_526-4680_ORT-CLA-CIR.laz,22732688,22215245,4d74a779ce66cbf207d68824d21dee45978b39d6f10e2e71e838eecaf0724bb0,42845ecbc7672a53a875956197e12fa7f1983868163be8de7252ef858731c15e,3168085,3130876,False,"[525999.9999999999,4677999.999999985,527999.9899999999,4679999.989999985]",EPSG:2158,train,True,,0.009999984875321388,130232.30171989602,53814.5103108736
PNOA_2015_GAL-W_526-4682_ORT-CLA-COL,GAL-W-2015,526,4682,data/raw/pnoa_galicia/PNOA_2015_GAL-W_526-4682_ORT-CLA-COL.laz,data/raw/pnoa_galicia/PNOA_2015_GAL-W_526-4682_ORT-CLA-CIR.laz,10366625,9696926,8c039bb7b2e181e49c12fb3b979f502a818d7ba6dd0dae580a892a8f56b880df,4f269c8d0d9fe29dd368046a31f712cf37e8be2d5e1e032f212ab1aba66841e6,1628580,1628580,True,"[526000.0,4680000.0,527999.99,4681999.99]",EPSG:25829,train,True,,0.009999999776482582,128267.11336583682,55172.47103402369
PNOA_2015_GAL-W_526-4684_ORT-CLA-COL,GAL-W-2015,526,4684,data/raw/pnoa_galicia/PNOA_2015_GAL-W_526-4684_ORT-CLA-COL.laz,data/raw/pnoa_galicia/PNOA_2015_GAL-W_526-4684_ORT-CLA-CIR.laz,30094181,29639062,6389614da596a5c45ef3115721903b33a01d26d22f6afca3c2fa42cdeaf1e770,8f77e898a467abeb6a261960e307cd930fb6bcf65de6191089d20b3ead54eb6d,4014031,4014031,True,"[526000.0,4682000.0,527999.99,4683999.99]",EPSG:25829,train,True,,0.009999999776482582,126303.01790199101,56568.55663705927
PNOA_2015_GAL-W_528-4664_ORT-CLA-COL,GAL-W-2015,528,4664,data/raw/pnoa_galicia/PNOA_2015_GAL-W_528-4664_ORT-CLA-COL.laz,data/raw/pnoa_galicia/PNOA_2015_GAL-W_528-4664_ORT-CLA-CIR.laz,30080358,29214351,d55f9d240a0b8b4fa613b8d9244690f6d1e5bc805afceb9eff52e6e7b505acf4,3d4c8e17877c24bc9a8f05015fe9ad588c5268d73511e667f86fc2a35058b38b,4124184,4075338,False,"[527999.9999999998,4661999.999999986,529999.9899999998,4663999.989999986]",EPSG:2158,train,True,,0.009999999776482582,145672.28717807238,42941.83461380814
PNOA_2015_GAL-W_528-4666_ORT-CLA-COL,GAL-W-2015,528,4666,data/raw/pnoa_galicia/PNOA_2015_GAL-W_528-4666_ORT-CLA-COL.laz,data/raw/pnoa_galicia/PNOA_2015_GAL-W_528-4666_ORT-CLA-CIR.laz,27503730,27043355,4ea9c039cab138797fe31bdd53b0ba05a5e148a7fa24f67fb6ce9c8d9c4026c0,c184157fa5b1004d5108ece0616ad5fc2fc730c353d9b705bc05caca60766afd,3809921,3809921,True,"[528000.0,4664000.0,529999.99,4665999.99]",EPSG:25829,train,True,,0.009999999776482582,143695.56434223356,43909.01046482591
PNOA_2015_GAL-W_528-4668_ORT-CLA-COL,GAL-W-2015,528,4668,data/raw/pnoa_galicia/PNOA_2015_GAL-W_528-4668_ORT-CLA-COL.laz,data/raw/pnoa_galicia/PNOA_2015_GAL-W_528-4668_ORT-CLA-CIR.laz,29654236,29432800,04969b522de4c1eecf22e8a5e30abd46d0faee17780bb61d1e8bfec135d026a4,797bc3c369594ccbae79feb09dd2413b2bc637f3b7aa7dd615bd2979e720df32,4043939,4043939,True,"[528000.0,4666000.0,529999.99,4667999.99]",EPSG:25829,train,True,,0.009999999776482582,141719.49467726453,44944.423903307405
PNOA_2015_GAL-W_528-4670_ORT-CLA-COL,GAL-W-2015,528,4670,data/raw/pnoa_galicia/PNOA_2015_GAL-W_528-4670_ORT-CLA-COL.laz,data/raw/pnoa_galicia/PNOA_2015_GAL-W_528-4670_ORT-CLA-CIR.laz,30393624,29866090,1a5933f38c9f95c29267173115f82ff613712d9e9ff645462e997316bb0f148b,0803a25bb16a976889c50f463abb523078d86d0a2502592eaf032da11bb7b160,4047327,4047327,True,"[528000.0,4668000.0,529999.99,4669999.99]",EPSG:25829,train,True,,0.009999983943998814,139744.10589189598,46043.471632797075
PNOA_2015_GAL-W_528-4672_ORT-CLA-COL,GAL-W-2015,528,4672,data/raw/pnoa_galicia/PNOA_2015_GAL-W_528-4672_ORT-CLA-COL.laz,data/raw/pnoa_galicia/PNOA_2015_GAL-W_528-4672_ORT-CLA-CIR.laz,28057326,27790862,4c4e01f616b02b17d292078205a9d85164f02b0668fecf6ea9eac24cb7794781,f87bc5576d9c72f4f5cefb95586559ad7bacc67090018a378d79bcde223c188e,3880722,3857719,False,"[528000.0,4669999.999999984,529999.99,4671999.989999984]",EPSG:2158,train,True,,0.009999983943998814,137769.42727425403,47201.70886736307
PNOA_2015_GAL-W_528-4674_ORT-CLA-COL,GAL-W-2015,528,4674,data/raw/pnoa_galicia/PNOA_2015_GAL-W_528-4674_ORT-CLA-COL.laz,data/raw/pnoa_galicia/PNOA_2015_GAL-W_528-4674_ORT-CLA-CIR.laz,27055910,26904441,c88bd20b6d2329ca43df2bdb513feb58ee8c837dcc4a74732508dc55a6dc7eec,42e02aa76758a8f8bbfa75c6cefbbf03e0b823fba3a384c37927085adc2233a6,3855626,3855626,True,"[528000.0,4672000.0,529999.99,4673999.99]",EPSG:25829,train,True,,0.009999999776482582,135795.48980514004,48414.88779291126
PNOA_2015_GAL-W_528-4676_ORT-CLA-COL,GAL-W-2015,528,4676,data/raw/pnoa_galicia/PNOA_2015_GAL-W_528-4676_ORT-CLA-COL.laz,data/raw/pnoa_galicia/PNOA_2015_GAL-W_528-4676_ORT-CLA-CIR.laz,25805104,25635729,62732fb1184dd97e48265ddb9361a7d5cc9bb12a9af35d869c82d8784dc1cf76,21783657944d33dc520bf7c438dc17839a4beb36a305dcc4c2d777c51dd827a6,3734838,3734838,True,"[528000.0,4674000.0,529999.99,4675999.99]",EPSG:25829,train,True,,0.009999999776482582,133822.3262813949,49678.9834839662
PNOA_2015_GAL-W_528-4678_ORT-CLA-COL,GAL-W-2015,528,4678,data/raw/pnoa_galicia/PNOA_2015_GAL-W_528-4678_ORT-CLA-COL.laz,data/raw/pnoa_galicia/PNOA_2015_GAL-W_528-4678_ORT-CLA-CIR.laz,30946378,30681203,df08ac72d8dec0a5aa980e72ed7c20c1b052c6cf14e27096bf559c5795abffac,c103fcce99a522cf9df6a300593f43684dca5eafc437051384f5256b9bb03412,4204014,4204014,True,"[528000.0,4676000.0,529999.99,4677999.99]",EPSG:25829,train,True,,0.009999999776482582,131849.97144978965,50990.20925628944
PNOA_2015_GAL-W_528-4680_ORT-CLA-COL,GAL-W-2015,528,4680,data/raw/pnoa_galicia/PNOA_2015_GAL-W_528-4680_ORT-CLA-COL.laz,data/raw/pnoa_galicia/PNOA_2015_GAL-W_528-4680_ORT-CLA-CIR.laz,30676195,29480421,4af5edc0e444f8a0cb55d88925cf6d7765dd8fe8ad2dbd02d7b4c1e88c40f596,7808db281855fbb90a98fe4bd78f65bdfe9d6281f826df23cbd6e88990bfae4a,4129078,4129078,True,"[528000.0,4678000.0,529999.99,4679999.99]",EPSG:25829,train,True,,0.009999999776482582,129878.46215310901,52345.02345018277
PNOA_2015_GAL-W_528-4682_ORT-CLA-COL,GAL-W-2015,528,4682,data/raw/pnoa_galicia/PNOA_2015_GAL-W_528-4682_ORT-CLA-COL.laz,data/raw/pnoa_galicia/PNOA_2015_GAL-W_528-4682_ORT-CLA-CIR.laz,26970767,26104346,16258cb85b738a42162dc68aaebbafc96155a36e49d85d13f11fc9a111875c58,e8a6b3117495974ab33f5a982a9effeb88236507fce9f6ea182dbbbe029e3363,3619822,3619822,True,"[528000.0,4680000.0,529999.99,4681999.99]",EPSG:25829,train,True,,0.009999999776482582,127907.83748935323,53740.129512313084
PNOA_2015_GAL-W_528-4684_ORT-CLA-COL,GAL-W-2015,528,4684,data/raw/pnoa_galicia/PNOA_2015_GAL-W_528-4684_ORT-CLA-COL.laz,data/raw/pnoa_galicia/PNOA_2015_GAL-W_528-4684_ORT-CLA-CIR.laz,8862054,8247979,ca81f6a7ebda1aaad7f0d2a2f63d0b46bbe72bd7d1aa1463cc04775c4d8bc966,69f1637f45282db8fe69ed31d47793b867b5a33631a8d3f3a8c3a771b9bfdbb9,1348999,1348999,True,"[528000.0,4682000.0,529999.99,4683999.99]",EPSG:25829,train,True,,0.009999999776482582,125938.13898557109,55172.471034023685
PNOA_2015_GAL-W_528-4698_ORT-CLA-COL,GAL-W-2015,528,4698,data/raw/pnoa_galicia/PNOA_2015_GAL-W_528-4698_ORT-CLA-COL.laz,data/raw/pnoa_galicia/PNOA_2015_GAL-W_528-4698_ORT-CLA-CIR.laz,21152623,20457711,9b21d4c3304ca9ef204c29be9c72a1f52593606ef94e785b3ebdb0368f172ac4,869daf14d78e0868b5bcab305e0ad502a9549650747e78117ae7ce7a2dce7a2c,3224328,3188239,False,"[527999.9999999999,4695999.999999984,529999.9899999999,4697999.989999984]",EPSG:2158,train,True,,0.009999999892897904,112180.27710242159,66030.31000986195
PNOA_2015_GAL-W_530-4682_ORT-CLA-COL,GAL-W-2015,530,4682,data/raw/pnoa_galicia/PNOA_2015_GAL-W_530-4682_ORT-CLA-COL.laz,data/raw/pnoa_galicia/PNOA_2015_GAL-W_530-4682_ORT-CLA-CIR.laz,26773403,25782646,34798757679f0d70e5ae874bcd79ec0581fdc0bd8d872833c56b103f99f6858d,907a46201a0b304ffa85ce387885a6aa501012662473a0760419ee3178b974e1,3615396,3571543,False,"[529999.9999999999,4679999.999999982,531999.9899999999,4681999.9899999825]",EPSG:2158,train,True,,0.009999999892897904,127578.90660765837,52345.02345017
PNOA_2015_GAL-W_530-4684_ORT-CLA-COL,GAL-W-2015,530,4684,data/raw/pnoa_galicia/PNOA_2015_GAL-W_530-4684_ORT-CLA-COL.laz,data/raw/pnoa_galicia/PNOA_2015_GAL-W_530-4684_ORT-CLA-CIR.laz,10864088,9929060,3e0340dbf76c57646dd4091ac7a9168702b3dfed1439e5d31620551c4a4a02db,21eb83322aef91ef2d18a81d5464e27f67c5d425631ef9d701530d891f0df4e8,1650825,1639626,False,"[530000.0,4681999.999999983,531999.99,4683999.989999983]",EPSG:2158,train,True,,0.010000000009313226,125604.04997909717,53814.510310871
PNOA_2015_GAL-W_530-4698_ORT-CLA-COL,GAL-W-2015,530,4698,data/raw/pnoa_galicia/PNOA_2015_GAL-W_530-4698_ORT-CLA-COL.laz,data/raw/pnoa_galicia/PNOA_2015_GAL-W_530-4698_ORT-CLA-CIR.laz,27264488,26572283,41361fe43847ae02b182141525a68ae82c10966e23af5386f37466148b49bd46,44eeabbb1f63d6efdc552edfcc54a59abdf3f69dea5e51cbe4c6decb4923ddc9,3882937,3841582,False,"[529999.9999999998,4695999.999999981,531999.9899999998,4697999.989999982]",EPSG:2158,train,True,,0.009999999776482582,111805.08526348465,64899.93682584122
PNOA_2015_GAL-W_530-4700_ORT-CLA-COL,GAL-W-2015,530,4700,data/raw/pnoa_galicia/PNOA_2015_GAL-W_530-4700_ORT-CLA-COL.laz,data/raw/pnoa_galicia/PNOA_2015_GAL-W_530-4700_ORT-CLA-CIR.laz,26189069,25691629,9a88cca282d87a15c0b4113cc0785124b335e9e3f214705d5b2f7b85ea1b42b8,029441990e8a8b396ac8999b5f2da7b6ac430c5dbf9a77d4cc85bf50f0f74f67,3723011,3702120,False,"[530000.0000000001,4697999.999999981,531999.9900000001,4699999.989999982]",EPSG:2158,train,True,,0.009999999776482582,109837.9581507286,66483.09469345065
PNOA_2015_GAL-W_532-4744_ORT-CLA-COL,GAL-W-2015,532,4744,data/raw/pnoa_galicia/PNOA_2015_GAL-W_532-4744_ORT-CLA-COL.laz,data/raw/pnoa_galicia/PNOA_2015_GAL-W_532-4744_ORT-CLA-CIR.laz,43304349,42654587,d9a7aef1098905480b75d9a415a3ef2dfa36e61dc880f09c7438ac4616baf1d2,c4f1c922bfae1e37c917a00286112fec589b12c487c7b26d7beef43d87f09781,6229827,6201312,False,"[532000.0000000001,4741999.99999998,533999.9900000001,4743999.989999981]",EPSG:2158,train,True,,0.01414213481372123,66485.62769151713,78917.69003208753
PNOA_2015_GAL-W_534-4746_ORT-CLA-COL,GAL-W-2015,534,4746,data/raw/pnoa_galicia/PNOA_2015_GAL-W_534-4746_ORT-CLA-COL.laz,data/raw/pnoa_galicia/PNOA_2015_GAL-W_534-4746_ORT-CLA-CIR.laz,50566386,49510430,07cdc8ca935e79fc93d5de1122aeb9fb2a71611f5174647e9aa99d4346b46d03,2317354483653442b83bc8a193934cf93a62e123756b003c16ee9ac5c809d5c1,7209328,7176555,False,"[534000.0000000001,4743999.9999999795,535999.9900000001,4745999.98999998]",EPSG:2158,train,True,,0.009999998845160007,64033.59406967293,76655.0828060383
PNOA_2015_GAL-W_534-4748_ORT-CLA-COL,GAL-W-2015,534,4748,data/raw/pnoa_galicia/PNOA_2015_GAL-W_534-4748_ORT-CLA-COL.laz,data/raw/pnoa_galicia/PNOA_2015_GAL-W_534-4748_ORT-CLA-CIR.laz,49689465,48610077,3f52f33e2291b978769bbb4173cf49767d39c04a40ba697e3db926d96233ff38,ba2c8f33818d0a592d25d46190bec065c4892ca8b9ace930150c3058ad08cf86,6996701,6964789,False,"[534000.0,4745999.999999979,535999.99,4747999.989999979]",EPSG:2158,train,True,,0.009999998845160007,62099.12341914266,76419.90369007632
PNOA_2015_GAL-W_536-4746_ORT-CLA-COL,GAL-W-2015,536,4746,data/raw/pnoa_galicia/PNOA_2015_GAL-W_536-4746_ORT-CLA-COL.laz,data/raw/pnoa_galicia/PNOA_2015_GAL-W_536-4746_ORT-CLA-CIR.laz,26018997,25359326,bfb2d7bb0e722317929f4015cb782c51b87b907ebb5acf38e9218e3280182315,badfb24a4c721902fbfa2b6ae0ac49dbe068a214bc6d35ef3ed3eaebaef49228,3580907,3558796,False,"[536000.0000000013,4743999.999999928,537999.9900000013,4745999.9899999285]",EPSG:2158,train,True,,0.009999999427236617,63563.0685971369,74672.63005948995
PNOA_2015_GAL-W_536-4748_ORT-CLA-COL,GAL-W-2015,536,4748,data/raw/pnoa_galicia/PNOA_2015_GAL-W_536-4748_ORT-CLA-COL.laz,data/raw/pnoa_galicia/PNOA_2015_GAL-W_536-4748_ORT-CLA-CIR.laz,23982852,23174314,ff2dbcdc0f8e483c9f44448e93d7a9c76e41c57fbb9e7d77ac7930b911636ba4,e5468e98e3269e940966109896d843d244ad508efc539f7ffb827ce2be5f5b44,3261289,3261289,True,"[536000.0,4746000.0,537999.99,4747999.99]",EPSG:25829,train,True,,0.009999999776482582,61613.82677144556,74431.187280603
PNOA_2015_GAL-W_536-4750_ORT-CLA-COL,GAL-W-2015,536,4750,data/raw/pnoa_galicia/PNOA_2015_GAL-W_536-4750_ORT-CLA-COL.laz,data/raw/pnoa_galicia/PNOA_2015_GAL-W_536-4750_ORT-CLA-CIR.laz,23748081,23329673,a4e9f206b472d53ed68a42b96331c584d3321f9f666b50bd847b5b11d8db3771,cf20bf0bc8eaaebcb53d10c5260f1c84e1eb4d5f52ce071fbb8c0155f2072f05,3276318,3276318,True,"[536000.0,4748000.0,537999.99,4749999.99]",EPSG:25829,train,True,,0.009999999776482582,59667.94457133518,74242.85554853207
PNOA_2015_GAL-W_538-4746_ORT-CLA-COL,GAL-W-2015,538,4746,data/raw/pnoa_galicia/PNOA_2015_GAL-W_538-4746_ORT-CLA-COL.laz,data/raw/pnoa_galicia/PNOA_2015_GAL-W_538-4746_ORT-CLA-CIR.laz,28734175,27921609,953a74457168b4ed917cc045d243c0fcecd0133113d2119d042dce96fc19fb02,67445341f49f443ede1837c5ce9cac782cde061ae9b6780449349984ec5200e0,4302838,4280671,False,"[538000.0000000007,4743999.999999973,539999.9900000007,4745999.989999973]",EPSG:2158,train,True,,0.009999999427236617,63152.40462149614,72691.13866215493
PNOA_2015_GAL-W_540-4750_ORT-CLA-COL,GAL-W-2015,540,4750,data/raw/pnoa_galicia/PNOA_2015_GAL-W_540-4750_ORT-CLA-COL.laz,data/raw/pnoa_galicia/PNOA_2015_GAL-W_540-4750_ORT-CLA-CIR.laz,24367852,23661867,36fcc00d167310f877e06e80d28b610db575d01c09d91cdd9c55e2ee40139add,68e50ef70872fb4ce1dccfe8fb3b0146f805b0cb65193acc969bfa3dd203f7a2,3684787,3665421,False,"[540000.0000000009,4747999.99999997,541999.9900000009,4749999.98999997]",EPSG:2158,train,True,,2000.0100000009406,58857.358498050904,70256.68309848128
PNOA_2015_GAL-W_546-4802_ORT-CLA-COL,GAL-W-2015,546,4802,data/raw/pnoa_galicia/PNOA_2015_GAL-W_546-4802_ORT-CLA-COL.laz,data/raw/pnoa_galicia/PNOA_2015_GAL-W_546-4802_ORT-CLA-CIR.laz,25788858,24802924,47d8faacf455269c6072eae0589ed2d0aaad5b2b36cffdb3b96475f4793cee90,5b344354c48486aa73c4ae9cecbae387162e9ea5937d88ab5f9357d05c6dbcae,3673318,3653056,False,"[546000.0000000068,4799999.999999922,547999.9900000067,4801999.989999922]",EPSG:25829,excluded_buffer,True,,50159.75558149562,7216.312629209921,66241.99423329894
PNOA_2015_GAL-W_552-4810_ORT-CLA-COL,GAL-W-2015,552,4810,data/raw/pnoa_galicia/PNOA_2015_GAL-W_552-4810_ORT-CLA-COL.laz,data/raw/pnoa_galicia/PNOA_2015_GAL-W_552-4810_ORT-CLA-CIR.laz,4141661,3099871,4d5856f208038d915943fd669b1a874bdba899c093e39146d5ab4349091316d0,8429aa35d39447c69345e7040f99e4fb1c17de0a22aa28c09c0cab19babbf4f9,704912,704912,True,"[552009.3600004101,4808000.000013444,553999.9900004101,4809999.980013444]",EPSG:32629,val,True,,58857.358498050904,0.00999958987813443,57271.30170785828
PNOA_2015_GAL-W_552-4812_ORT-CLA-COL,GAL-W-2015,552,4812,data/raw/pnoa_galicia/PNOA_2015_GAL-W_552-4812_ORT-CLA-COL.laz,data/raw/pnoa_galicia/PNOA_2015_GAL-W_552-4812_ORT-CLA-CIR.laz,4493376,3602826,82be4a4c4ff99465bc6bf512499b73bbf0c730da969cb9417673c5d4ab9c6fa3,f17420f20113106d4e6708655409a4cc8def706aea705346827b55afb254e058,755238,755238,True,"[552013.27,4810000.0,553999.99,4811999.99]",EPSG:25829,val,True,,60829.81979557421,0.009999999776482582,56462.38996004501
PNOA_2015_GAL-W_552-4814_ORT-CLA-COL,GAL-W-2015,552,4814,data/raw/pnoa_galicia/PNOA_2015_GAL-W_552-4814_ORT-CLA-COL.laz,data/raw/pnoa_galicia/PNOA_2015_GAL-W_552-4814_ORT-CLA-CIR.laz,10156176,9255153,dfc6476b328f0b413c58ed7db86842aa33cb40ab0f50fb3aec1c49a65cbbb10a,990f55d431a748e1e10170e713eaf79da2e9a28aa2f24bda3a078878733fcb5c,1861753,1861753,True,"[552014.73,4812000.0,553999.99,4813999.99]",EPSG:25829,val,True,,62803.63251653004,0.009999999776482582,55713.56603198356
PNOA_2015_GAL-W_552-4816_ORT-CLA-COL,GAL-W-2015,552,4816,data/raw/pnoa_galicia/PNOA_2015_GAL-W_552-4816_ORT-CLA-COL.laz,data/raw/pnoa_galicia/PNOA_2015_GAL-W_552-4816_ORT-CLA-CIR.laz,4217513,3348151,e83a9be9cf3f7c80db81476a82cb9c1a82df3ed3684439ad92a7f780708e32fd,735cf2d942b523ecb0dfa813677559979e8870d86de08fbc597411d6cabf1277,689169,689169,True,"[552007.08,4814000.0,553999.99,4815999.99]",EPSG:25829,val,True,,64777.6437536282,0.009999999776482582,55027.27868975708
PNOA_2015_GAL-W_554-4810_ORT-CLA-COL,GAL-W-2015,554,4810,data/raw/pnoa_galicia/PNOA_2015_GAL-W_554-4810_ORT-CLA-COL.laz,data/raw/pnoa_galicia/PNOA_2015_GAL-W_554-4810_ORT-CLA-CIR.laz,5541290,4177244,b82252e3a5b17e1866ef801bd8f2f1d1bc5f72b7160668b2b90cdcc4d4f9e343,05f1357b49a77f743e787c74d5d42890db2d2c87b213208335b68c26d4b55134,1020266,1020266,True,"[554000.0,4808000.0,555999.99,4809999.99]",EPSG:25829,val,True,,59228.38339853291,0.00999958987813443,55461.71183798955
PNOA_2015_GAL-W_554-4812_ORT-CLA-COL,GAL-W-2015,554,4812,data/raw/pnoa_galicia/PNOA_2015_GAL-W_554-4812_ORT-CLA-COL.laz,data/raw/pnoa_galicia/PNOA_2015_GAL-W_554-4812_ORT-CLA-CIR.laz,7050046,5853146,3fe5c9dcbf30ad2cb9436f34f05901a60dff4a1e06ff9f716235f16a0c776c23,237f1cc3c40fb822d2f688568c276bb2ecd422289a45bfb6156075511abf3f4a,1198248,1198248,True,"[554000.0,4810000.0,555999.99,4811999.99]",EPSG:25829,val,True,,61188.245930110854,0.009999999776482582,54626.014315527274
PNOA_2015_GAL-W_568-4834_ORT-CLA-COL,GAL-W-2015,568,4834,data/raw/pnoa_galicia/PNOA_2015_GAL-W_568-4834_ORT-CLA-COL.laz,data/raw/pnoa_galicia/PNOA_2015_GAL-W_568-4834_ORT-CLA-CIR.laz,1456104,1162557,64d812e46ab89bc538128b6a0d4d18be70e79a8255bfec49dc0a8a4f5b6cc352,e6ff0c77ad87481250561fd193e9435d85b8d677a3e5d44f3fac436b809b13e8,217109,217109,True,"[568007.8500005831,4832000.000013592,569999.9900005831,4833392.380013592]",EPSG:32629,val,True,,86025.63817864926,1003.3168116176008,36005.13743906553
PNOA_2015_GAL-W_570-4836_ORT-CLA-COL,GAL-W-2015,570,4836,data/raw/pnoa_galicia/PNOA_2015_GAL-W_570-4836_ORT-CLA-COL.laz,data/raw/pnoa_galicia/PNOA_2015_GAL-W_570-4836_ORT-CLA-CIR.laz,1253179,1255898,36a4d6848d532e0cc82fec5852588efb191408d42d2c9627f60a58611533ad16,3851a49561daebb714d26c7a2a7e65dbf749d26b55377ef42db794eaa93a2d67,263012,263012,True,"[570798.3900006226,4834000.000013601,571999.9900006226,4835444.4800136015]",EPSG:32629,val,True,,88799.49056658968,0.009999377420172095,34000.00999937742
PNOA_2015_GAL-W_572-4834_ORT-CLA-COL,GAL-W-2015,572,4834,data/raw/pnoa_galicia/PNOA_2015_GAL-W_572-4834_ORT-CLA-COL.laz,data/raw/pnoa_galicia/PNOA_2015_GAL-W_572-4834_ORT-CLA-CIR.laz,24523272,23471277,14a458f3e4183fe0ee0f0a1734407233d7e496963f9068a4a1a94a4153904122,3db23af2e9e551ef17546631a93622b6f0a6fcb376370db95e0afc7800b5c9df,3589966,3589966,True,"[572000.0,4832000.0,573999.99,4833999.99]",EPSG:25829,val,True,,87315.5326388438,0.009999999776482582,32000.01000000157
PNOA_2015_GAL-W_572-4836_ORT-CLA-COL,GAL-W-2015,572,4836,data/raw/pnoa_galicia/PNOA_2015_GAL-W_572-4836_ORT-CLA-COL.laz,data/raw/pnoa_galicia/PNOA_2015_GAL-W_572-4836_ORT-CLA-CIR.laz,5300769,4664507,9d9b3cbdf1d5f1f6e436a6473fc7dfb194f2044ac9d809201d84ae12eca55dca,22af0851ae2b3bc9e3367523ce23623d953c0296a982e1ed7369d15ca6bdf398,794121,794121,True,"[572000.0,4834000.0,573999.98,4835999.99]",EPSG:25829,val,True,,89196.42526472187,0.009999377420172095,32000.02000000002
PNOA_2015_GAL-W_572-4838_ORT-CLA-COL,GAL-W-2015,572,4838,data/raw/pnoa_galicia/PNOA_2015_GAL-W_572-4838_ORT-CLA-COL.laz,data/raw/pnoa_galicia/PNOA_2015_GAL-W_572-4838_ORT-CLA-CIR.laz,157334,162463,2f733832b2a212244975c45ea51cd32c8dac67fb4a0108bfeb9d1edc50f58342,cb510f1873a56cefafb03ac8bf2c3ae7e95c9997a25c450a6fe2fe087491e09b,17843,17843,True,"[573127.8300006588,4836000.000013611,573999.9800006588,4837999.860013612]",EPSG:32629,val,True,,91460.06858434386,0.010013611055910587,32000.019999341224
PNOA_2015_GAL-W_574-4834_ORT-CLA-COL,GAL-W-2015,574,4834,data/raw/pnoa_galicia/PNOA_2015_GAL-W_574-4834_ORT-CLA-COL.laz,data/raw/pnoa_galicia/PNOA_2015_GAL-W_574-4834_ORT-CLA-CIR.laz,18059239,16854052,59e76b881498e185efd6d38fbd60f7402dee3ff4cf5953973431f95728794764,f80e2436ca9a371d41e96df92afe15d0f63275d22f10701376f9cfbad8357504,2608839,2608839,True,"[574000.0,4832000.0,575999.99,4833999.99]",EPSG:25829,val,True,,88022.73728989,0.009999999776482582,30000.010000001676
PNOA_2015_GAL-W_574-4836_ORT-CLA-COL,GAL-W-2015,574,4836,data/raw/pnoa_galicia/PNOA_2015_GAL-W_574-4836_ORT-CLA-COL.laz,data/raw/pnoa_galicia/PNOA_2015_GAL-W_574-4836_ORT-CLA-CIR.laz,23410759,21830197,b5c826e31c776546637bbe9962e18940b31c057138785458a82ad3ebc74b2c2b,839062a593433cae0d5a3458ce8ec35c337ca006b203a428c80ec4d8a149559f,3223255,3223255,True,"[574000.0,4834000.0,575999.99,4835999.99]",EPSG:25829,val,True,,89888.83312183505,0.009999999776482582,30000.01000000001
PNOA_2015_GAL-W_574-4838_ORT-CLA-COL,GAL-W-2015,574,4838,data/raw/pnoa_galicia/PNOA_2015_GAL-W_574-4838_ORT-CLA-COL.laz,data/raw/pnoa_galicia/PNOA_2015_GAL-W_574-4838_ORT-CLA-CIR.laz,23714791,22609773,6ecf98bd092daf0c923f8513409aa5ddee8b1960055ae11173c7a1f3dc9110d7,d75ae6c806afb7be8b6e7f594fd0143b415db88c8d1e47b3c627c7824dc37277,3172587,3172587,True,"[574000.0,4836000.0,575999.99,4837999.99]",EPSG:25829,val,True,,91760.57083521891,0.009999999776482582,30000.01000000001
PNOA_2015_GAL-W_576-4834_ORT-CLA-COL,GAL-W-2015,576,4834,data/raw/pnoa_galicia/PNOA_2015_GAL-W_576-4834_ORT-CLA-COL.laz,data/raw/pnoa_galicia/PNOA_2015_GAL-W_576-4834_ORT-CLA-CIR.laz,30764146,29043949,098bdffe8af51106a0941239e9d2cc14eb6e84b44a3a0710398ac63f60b9c267,aa37a3651163b5431ca4c85ab61e06bb9c27a380f3246a6c9bfba02df99b35cd,4122183,4096218,False,"[576000.0000001149,4831999.99999989,577999.9900001149,4833999.98999989]",EPSG:2158,val,True,,88769.37715222957,0.010000000707805157,28000.009999886894
PNOA_2015_GAL-W_576-4836_ORT-CLA-COL,GAL-W-2015,576,4836,data/raw/pnoa_galicia/PNOA_2015_GAL-W_576-4836_ORT-CLA-COL.laz,data/raw/pnoa_galicia/PNOA_2015_GAL-W_576-4836_ORT-CLA-CIR.laz,25739652,24531437,214068b40667509cb56759abbdce54e2979c1da4565a5202ec38a09c179fd0b2,fe77c2c415c4813ca088d74c5845e5a60c67a56dcb1ba02376fae83643d3eaac,3632447,3610610,False,"[576000.000000115,4833999.999999891,577999.990000115,4835999.989999891]",EPSG:2158,val,True,,90620.09909503863,0.009999999776482582,28000.00999988499
PNOA_2015_GAL-W_576-4838_ORT-CLA-COL,GAL-W-2015,576,4838,data/raw/pnoa_galicia/PNOA_2015_GAL-W_576-4838_ORT-CLA-COL.laz,data/raw/pnoa_galicia/PNOA_2015_GAL-W_576-4838_ORT-CLA-CIR.laz,35407749,33377404,ecd388703da352177ad7908d8690e4091db921ec4f8c6e52ab1dc47c3eb37f2e,c42364e00f5e6ed5c0357032c79882b8ad167c2b80e39e714590d9c300a37c1a,4583063,4554375,False,"[576000.0000001154,4835999.999999891,577999.9900001154,4837999.989999891]",EPSG:2158,val,True,,92477.03714973966,0.009999999776482582,28000.00999988464
PNOA_2015_GAL-W_578-4804_ORT-CLA-COL,GAL-W-2015,578,4804,data/raw/pnoa_galicia/PNOA_2015_GAL-W_578-4804_ORT-CLA-COL.laz,data/raw/pnoa_galicia/PNOA_2015_GAL-W_578-4804_ORT-CLA-CIR.laz,31844429,30494123,fa9a1ef7472b8ddf076ee122c2edabb5ad97a462a7e8561495d64977eff48692,6ea6891bb49568429471f1d724a2194d5223f814c611abb91369ade0651ee9e6,4543520,4543520,True,"[578000.0,4802000.0,579999.99,4803999.99]",EPSG:25829,val,True,,63245.567117413135,0.009999999776482582,39698.88058875448
PNOA_2015_GAL-W_578-4806_ORT-CLA-COL,GAL-W-2015,578,4806,data/raw/pnoa_galicia/PNOA_2015_GAL-W_578-4806_ORT-CLA-COL.laz,data/raw/pnoa_galicia/PNOA_2015_GAL-W_578-4806_ORT-CLA-CIR.laz,33752096,32318088,5df822ff0be0ed63d5dba9c48495233eaf019cdb9e0991136e2b7ac4efb23277,fe2fb44aba41011219a95fc56c50ae0e2f8dff9da4cb6bd4d998ea06b20fdb65,4623989,4623989,True,"[578000.0,4804000.0,579999.99,4805999.99]",EPSG:25829,val,True,,64899.936825880875,0.009999999776482582,38209.96048153136
PNOA_2015_GAL-W_580-4804_ORT-CLA-COL,GAL-W-2015,580,4804,data/raw/pnoa_galicia/PNOA_2015_GAL-W_580-4804_ORT-CLA-COL.laz,data/raw/pnoa_galicia/PNOA_2015_GAL-W_580-4804_ORT-CLA-CIR.laz,30809493,29600961,c3fa4c83e8c7e911bb2d8cb2e2979841ad5b0ff9e936365c220074db7979d95b,b15085d427b1d0a272d2e715cc6fc0da743ab9f3327d923fcb353d854f173ae8,4069340,4069340,True,"[580000.0,4802000.0,581999.99,4803999.99]",EPSG:25829,val,True,,64404.98272651897,0.010000000009313226,38418.75948023552
PNOA_2015_GAL-W_580-4806_ORT-CLA-COL,GAL-W-2015,580,4806,data/raw/pnoa_galicia/PNOA_2015_GAL-W_580-4806_ORT-CLA-COL.laz,data/raw/pnoa_galicia/PNOA_2015_GAL-W_580-4806_ORT-CLA-CIR.laz,26738453,26167744,f890fe9ca6b39f6de03254f2744cb3300779999b0c4eae6bb43713df0de3667d,e6ab7b6797d4e3a0c0b651e1fbdcdb65391cec48764bf431d7082736159b7f27,3728741,3728741,True,"[580000.0000007764,4804000.000013339,581999.9900007764,4805999.99001334]",EPSG:32629,val,True,,66030.31002125447,0.010000013746321201,36878.191919017925
PNOA_2015_GAL-W_580-4808_ORT-CLA-COL,GAL-W-2015,580,4808,data/raw/pnoa_galicia/PNOA_2015_GAL-W_580-4808_ORT-CLA-COL.laz,data/raw/pnoa_galicia/PNOA_2015_GAL-W_580-4808_ORT-CLA-CIR.laz,27689601,27052195,d9d5f0c5b4d066cfe1c412384d1aff2f9a488b0128bb1169e8112d56292f6c24,7d2e30d6a0c4168a77593adc58a348df2475e660493edd0c4c3fc5bee179a718,4075408,4075408,True,"[580000.000000777,4806000.000013353,581999.990000777,4807999.9900133535]",EPSG:32629,val,True,,67675.71116403626,0.009986646473407745,35383.62614640454
PNOA_2015_GAL-W_580-4810_ORT-CLA-COL,GAL-W-2015,580,4810,data/raw/pnoa_galicia/PNOA_2015_GAL-W_580-4810_ORT-CLA-COL.laz,data/raw/pnoa_galicia/PNOA_2015_GAL-W_580-4810_ORT-CLA-CIR.laz,27746459,27123305,d3eb9e7c48c8cb44f31676c099ae928d9c5d0142f9f935931185ad23a2ce83d4,4a8da80a50a641150970a182c2f9c0c845927b4bb5f3930174d68238ed2e15b2,3956771,3956771,True,"[580000.0,4808000.0,581999.99,4809999.99]",EPSG:25829,val,True,,69339.75713833702,0.009986646473407745,33941.13963908975
PNOA_2015_GAL-W_582-4804_ORT-CLA-COL,GAL-W-2015,582,4804,data/raw/pnoa_galicia/PNOA_2015_GAL-W_582-4804_ORT-CLA-COL.laz,data/raw/pnoa_galicia/PNOA_2015_GAL-W_582-4804_ORT-CLA-CIR.laz,33993818,32228810,cc1a3a0b987c87f579172f353e4aed2d9bf0b63a9bf641002a67b3f7625680f0,87bd0d053051da9d68be0604b881f0c1eb90326c2cfc38ce994775bbc21c91fe,4456305,4456305,True,"[582000.0,4802000.0,583999.99,4803999.99]",EPSG:25829,val,True,,65604.89189079731,0.010000000009313226,37202.16445316303
PNOA_2015_GAL-W_582-4806_ORT-CLA-COL,GAL-W-2015,582,4806,data/raw/pnoa_galicia/PNOA_2015_GAL-W_582-4806_ORT-CLA-COL.laz,data/raw/pnoa_galicia/PNOA_2015_GAL-W_582-4806_ORT-CLA-CIR.laz,35627649,34095193,3949c359baf4648e1077ffaf6649150d283b9f81d2d3579db0619a922c391729,a4a6c1beb315887d4b2c8e97995375fe83cf04be949afdad2b55344261b56fb7,4914945,4914945,True,"[582000.0000008213,4804000.000013332,583999.9900008213,4805999.990013332]",EPSG:32629,val,True,,67201.20446471826,0.009999178699217737,35609.00165993796
PNOA_2015_GAL-W_582-4808_ORT-CLA-COL,GAL-W-2015,582,4808,data/raw/pnoa_galicia/PNOA_2015_GAL-W_582-4808_ORT-CLA-COL.laz,data/raw/pnoa_galicia/PNOA_2015_GAL-W_582-4808_ORT-CLA-CIR.laz,35001916,33272159,7b09ae0e7733a0df39dace560106dfbafcb6bc4bf039fce9f4b6991ccb903204,88302035e8751ea04e5fabd124192867c062d80fab7ab46d475f4f8fa27d48be,5093893,5093893,True,"[582000.0000008221,4806000.000013348,583999.9900008221,4807999.990013348]",EPSG:32629,val,True,,68818.61609742057,0.009986652061343193,34058.78681441742
PNOA_2015_GAL-W_582-4810_ORT-CLA-COL,GAL-W-2015,582,4810,data/raw/pnoa_galicia/PNOA_2015_GAL-W_582-4810_ORT-CLA-COL.laz,data/raw/pnoa_galicia/PNOA_2015_GAL-W_582-4810_ORT-CLA-CIR.laz,30260472,28792229,16639923391875f6955ec3bdef7cc2a0d6a2ca121f07d2ab0f4df91fcc8c651b,6ca64f08fb4888f60a7725e2c0168e0574d87800b27a790f583c006cedbbfdc2,4718191,4718191,True,"[582000.0,4808000.0,583999.99,4809999.99]",EPSG:25829,val,True,,70455.67372471544,0.009986652061343193,32557.65532098695
PNOA_2015_GAL-W_582-4812_ORT-CLA-COL,GAL-W-2015,582,4812,data/raw/pnoa_galicia/PNOA_2015_GAL-W_582-4812_ORT-CLA-COL.laz,data/raw/pnoa_galicia/PNOA_2015_GAL-W_582-4812_ORT-CLA-CIR.laz,25476300,24177072,768327e335fd7292558db207011ad8ebc813e8c3716dd4f631b137a529dc3f2d,b341c1c806bf35deae850f3484be950f260b5477a829787c1e8b01da009b55e0,4291062,4291062,True,"[582000.0,4810000.0,583999.99,4811999.99]",EPSG:25829,val,True,,72111.03937680884,0.009999999776482582,31112.712514343562
PNOA_2015_GAL-W_582-4814_ORT-CLA-COL,GAL-W-2015,582,4814,data/raw/pnoa_galicia/PNOA_2015_GAL-W_582-4814_ORT-CLA-COL.laz,data/raw/pnoa_galicia/PNOA_2015_GAL-W_582-4814_ORT-CLA-CIR.laz,29593577,28177368,bbd4759e4dd38531b1c3aa8963d88eb62060b77b87900d4397ebbf47e5cfff3c,84eba68a3b41676763be61fd506b190deaec864fec1803788d65dfb0f61e2f16,4515663,4515663,True,"[582000.0,4812000.0,583999.99,4813999.99]",EPSG:25829,val,True,,73783.48080704646,0.009999999776482582,29732.151620765548
PNOA_2015_GAL-W_584-4804_ORT-CLA-COL,GAL-W-2015,584,4804,data/raw/pnoa_galicia/PNOA_2015_GAL-W_584-4804_ORT-CLA-COL.laz,data/raw/pnoa_galicia/PNOA_2015_GAL-W_584-4804_ORT-CLA-CIR.laz,27572898,26355110,89dbf3f031d134842ce1e6ec4e3370dca7971b09ec280e46a1fdd92355fd0e6c,875efc5c3ac2bb92f9cc3357393d4e068c1b549eb014155b2401e4669e7e2f7d,3846370,3846370,True,"[584000.0,4802000.0,585999.99,4803999.99]",EPSG:25829,val,True,,66843.11393107893,0.009999999776482582,36055.526622144724
PNOA_2015_GAL-W_584-4806_ORT-CLA-COL,GAL-W-2015,584,4806,data/raw/pnoa_galicia/PNOA_2015_GAL-W_584-4806_ORT-CLA-COL.laz,data/raw/pnoa_galicia/PNOA_2015_GAL-W_584-4806_ORT-CLA-CIR.laz,30039124,28960698,e53df472aaaebcb36f8dad233b62483227a69c028e028eb026e2f2fdb37b8e36,bc99493e260067cacd1228c59bb9f332f56aa7d08fcd2b6e632698f8cf113e7a,4251830,4251830,True,"[584000.0,4804000.0,585999.99,4805999.99]",EPSG:25829,val,True,,68410.5395388994,0.009999178699217737,34409.31501788706
PNOA_2015_GAL-W_584-4808_ORT-CLA-COL,GAL-W-2015,584,4808,data/raw/pnoa_galicia/PNOA_2015_GAL-W_584-4808_ORT-CLA-COL.laz,data/raw/pnoa_galicia/PNOA_2015_GAL-W_584-4808_ORT-CLA-CIR.laz,28258067,27235322,4a0412d34d42d1ba16ccb4bb916ec697003496fade8f28c0e01e2a1e283357e1,6f8c9eff6d986e3f2f5500f7a7c0fbad0e2e0dbfe6a61a874e696ce1168c41a1,4172665,4172665,True,"[584000.0,4806000.0,585999.99,4807999.99]",EPSG:25829,val,True,,70000.01400002313,0.009999177884310484,32802.45295706083
PNOA_2015_GAL-W_584-4810_ORT-CLA-COL,GAL-W-2015,584,4810,data/raw/pnoa_galicia/PNOA_2015_GAL-W_584-4810_ORT-CLA-COL.laz,data/raw/pnoa_galicia/PNOA_2015_GAL-W_584-4810_ORT-CLA-CIR.laz,25283372,24050258,8e574a1e7a568efe6833977fe2e51545ffae5b9666504e7319544783396855b2,76ee7047ef1edb331e2e6b33e00a8876c96f5dc8ce78491424422b82c44c9d25,3875760,3875760,True,"[584000.0,4808000.0,585999.99,4809999.99]",EPSG:25829,val,True,,71610.06912441541,0.009999999776482582,31241.01278768327
PNOA_2016_GAL_E_568-4640_ORT-CLA-COL,GAL-E-2016,568,4640,data/raw/pnoa_galicia/PNOA_2016_GAL_E_568-4640_ORT-CLA-COL.laz,data/raw/pnoa_galicia/PNOA_2016_GAL_E_568-4640_ORT-CLA-CIR.laz,54807339,56213164,6eb87e04f8c036a42797f9a741db74de7144bfacb3f8124dbb0eae1c77212485,ca9b990a4e2909da2d04869bed1e87d7d61ba0a42974f0447f010a9e21a2c9a1,5312427,5312427,True,"[568000.0,4638000.0,569999.99,4639999.99]",EPSG:25829,test,True,,43909.010464819105,162197.42106457835,0.009999999776482582
PNOA_2016_GAL_E_568-4642_ORT-CLA-COL,GAL-E-2016,568,4642,data/raw/pnoa_galicia/PNOA_2016_GAL_E_568-4642_ORT-CLA-COL.laz,data/raw/pnoa_galicia/PNOA_2016_GAL_E_568-4642_ORT-CLA-CIR.laz,48913849,49955321,f65baae1a8ba3aeabb3677a1cd90caf43c8d3e30a2d30b5d74e2aa87b5a22a7a,1f95d1a5ce3791bd3c282e856947add013080472f255353005cb28a781f53906,4811036,4811036,True,"[568000.0,4640000.0,569999.99,4641999.99]",EPSG:25829,test,True,,42941.83461380814,160199.8856429059,0.009999999776482582
PNOA_2016_GAL_E_578-4650_ORT-CLA-COL,GAL-E-2016,578,4650,data/raw/pnoa_galicia/PNOA_2016_GAL_E_578-4650_ORT-CLA-COL.laz,data/raw/pnoa_galicia/PNOA_2016_GAL_E_578-4650_ORT-CLA-CIR.laz,67420818,68143041,29466f8fceddd0c7b1dbeae068e4cc410119a4318ad854eecba6e20a161cb403,5c7b8ec32143cfc65b0178085137d27e6cccbff1dc0e5651a03513e84e0bad3b,6300249,6266225,False,"[578000.0000001128,4647999.9999999,579999.9900001128,4649999.989999901]",EPSG:2158,test,True,,49477.27963432411,152000.01000009943,10000.014000030527
PNOA_2016_GAL_E_606-4836_ORT-CLA-COL,GAL-E-2016,606,4836,data/raw/pnoa_galicia/PNOA_2016_GAL_E_606-4836_ORT-CLA-COL.laz,data/raw/pnoa_galicia/PNOA_2016_GAL_E_606-4836_ORT-CLA-CIR.laz,51673977,50351062,1ef00f5f9f1f56f685cfdc9dc73e7384a7e64d596ef6f6a94a970d094a63ace5,5566709750b57170e3a68ae7d07a5fbdee3cabfd523fd9a4b0a3712c3c620536,4989126,4989126,True,"[606000.0,4834000.0,607999.99,4835999.99]",EPSG:25829,test,True,,105603.04427432502,28000.00999988499,0.009999999776482582
PNOA_2016_GAL_E_606-4838_ORT-CLA-COL,GAL-E-2016,606,4838,data/raw/pnoa_galicia/PNOA_2016_GAL_E_606-4838_ORT-CLA-COL.laz,data/raw/pnoa_galicia/PNOA_2016_GAL_E_606-4838_ORT-CLA-CIR.laz,50229658,49001373,14f58d23c3c713ce7a59de122ddee0039262917e32f4243044b12d8f82d1f0c3,c8d1e520df8e32f394824ee00a2fc73e29981b744a0e326ebf964cc626e6eac9,4916329,4916329,True,"[606000.0,4836000.0,607999.99,4837999.99]",EPSG:25829,test,True,,107200.76025852228,28000.00999988464,0.009999999776482582
PNOA_2016_GAL_E_606-4840_ORT-CLA-COL,GAL-E-2016,606,4840,data/raw/pnoa_galicia/PNOA_2016_GAL_E_606-4840_ORT-CLA-COL.laz,data/raw/pnoa_galicia/PNOA_2016_GAL_E_606-4840_ORT-CLA-CIR.laz,50030896,49339150,f1929a3395854eed272b27a8c441f6ce9d3e2891b4a60a1f2c79fa3ed58f32aa,ac7db72c7c6988602621640319713e8fbc9e0b7153e9b8507d13753e36f08083,4859320,4859320,True,"[606000.0,4838000.0,607999.99,4839999.99]",EPSG:25829,test,True,,108811.77803898476,28000.009999886428,0.009999999776482582
PNOA_2016_GAL_E_608-4836_ORT-CLA-COL,GAL-E-2016,608,4836,data/raw/pnoa_galicia/PNOA_2016_GAL_E_608-4836_ORT-CLA-COL.laz,data/raw/pnoa_galicia/PNOA_2016_GAL_E_608-4836_ORT-CLA-CIR.laz,48974835,50180576,85d9d2c5b1c61e5ee9dc194e14e8e2a48acbb03ec4a832c2aab9facaaf75234e,5281afb0b8926fe179d145a40584e461a5635f18310b77b56c2075842ad6ca76,4858029,4858029,True,"[608000.0,4834000.0,609999.99,4835999.99]",EPSG:25829,test,True,,106826.97693001074,30000.00999988499,0.009999999776482582
PNOA_2016_GAL_E_608-4838_ORT-CLA-COL,GAL-E-2016,608,4838,data/raw/pnoa_galicia/PNOA_2016_GAL_E_608-4838_ORT-CLA-COL.laz,data/raw/pnoa_galicia/PNOA_2016_GAL_E_608-4838_ORT-CLA-CIR.laz,56013533,57194787,39dfcad4107ec2c5171b5dff0f9202a314355015d81fe0ad532fe43997b8b6fe,229bbcea2c90e8d99b99d103a48a241f1778056caba129c007ee09bd692f2aea,5332194,5332194,True,"[608000.0,4836000.0,609999.99,4837999.99]",EPSG:25829,test,True,,108406.65588424525,30000.00999988464,0.009999999776482582
PNOA_2016_GAL_E_608-4840_ORT-CLA-COL,GAL-E-2016,608,4840,data/raw/pnoa_galicia/PNOA_2016_GAL_E_608-4840_ORT-CLA-COL.laz,data/raw/pnoa_galicia/PNOA_2016_GAL_E_608-4840_ORT-CLA-CIR.laz,54539705,55742968,db9606c6455d9c49e07d8fefa7e93872a8531856796596191825e3f9447709d6,5e9e3cab3966ab8c3697301f898cf0ded393ea17dc7951bfe2e26d03c2ce434a,5169889,5169889,True,"[608000.0000021596,4838000.000013468,609999.9900021596,4839999.990013468]",EPSG:32629,test,True,,110000.01401209319,30000.010002045932,0.009997840388678014
PNOA_2016_GAL_E_610-4692_ORT-CLA-COL,GAL-E-2016,610,4692,data/raw/pnoa_galicia/PNOA_2016_GAL_E_610-4692_ORT-CLA-COL.laz,data/raw/pnoa_galicia/PNOA_2016_GAL_E_610-4692_ORT-CLA-CIR.laz,42678320,43134702,47818497868ac2021caa0465508e5711529d153cf32f12027e39dfe46a2ba66a,38decbcb31334b2f063441f76652a9a6106ccd2a1ccfd3ccb5db2f630643ad12,4289659,4289659,True,"[610000.0,4690000.0,611999.99,4691999.99]",EPSG:25829,test,True,,78102.50725809055,112587.75546212897,0.009999999776482582
PNOA_2016_GAL_E_610-4694_ORT-CLA-COL,GAL-E-2016,610,4694,data/raw/pnoa_galicia/PNOA_2016_GAL_E_610-4694_ORT-CLA-COL.laz,data/raw/pnoa_galicia/PNOA_2016_GAL_E_610-4694_ORT-CLA-CIR.laz,49211718,49579722,b4de078373fa7e5e53da5438cc7a9c1c04980a9ac8efebc4f067f0780f98c9f5,baa66d352b03097f754a2898ddd6c2171c66de82698bc94533e0d54034f625f7,4769068,4769068,True,"[610000.0,4692000.0,611999.99,4693999.99]",EPSG:25829,test,True,,78025.64706556532,110634.54541868987,0.009999999776482582
PNOA_2016_GAL_E_610-4696_ORT-CLA-COL,GAL-E-2016,610,4696,data/raw/pnoa_galicia/PNOA_2016_GAL_E_610-4696_ORT-CLA-COL.laz,data/raw/pnoa_galicia/PNOA_2016_GAL_E_610-4696_ORT-CLA-CIR.laz,48992963,49765508,e04f43e20809b0f4a1415053939c583caeb5d9fce78d698c82eedf1e4edf65e3,7cd058ce72234615b7b8c3a38697da1086dca72e3260927a5af254f5a9ae9700,4717659,4717659,True,"[610000.0,4694000.0,611999.99,4695999.99]",EPSG:25829,test,True,,78000.01000000088,108683.03731493776,0.009999999776482582
PNOA_2016_GAL_E_610-4698_ORT-CLA-COL,GAL-E-2016,610,4698,data/raw/pnoa_galicia/PNOA_2016_GAL_E_610-4698_ORT-CLA-COL.laz,data/raw/pnoa_galicia/PNOA_2016_GAL_E_610-4698_ORT-CLA-CIR.laz,43074117,44046540,6ba13c354bbde0c6dbccef7194f84bd34845f3964bc2ec904e6351fe255ab9f1,9941a05013553d29d0465a3d8606573aaf1ded39ca0edc3776cf1e7c4225a7b8,4011196,4011196,True,"[610000.0,4696000.0,611999.99,4697999.99]",EPSG:25829,test,True,,78000.01000000024,106733.32450551774,0.009999999776482582
PNOA_2016_GAL_E_610-4700_ORT-CLA-COL,GAL-E-2016,610,4700,data/raw/pnoa_galicia/PNOA_2016_GAL_E_610-4700_ORT-CLA-COL.laz,data/raw/pnoa_galicia/PNOA_2016_GAL_E_610-4700_ORT-CLA-CIR.laz,54397564,55642086,ec50545be7626afbd183bc3cbaf5ee32b01cdec857e37604154f99e5ed666510,7d2adadbc2554bc7329fc9d58bc86a2a995e9010ee470b9ac531ad2fc743d31c,5121950,5121950,True,"[610000.0,4698000.0,611999.99,4699999.99]",EPSG:25829,test,True,,78000.0099999999,104785.50720400295,0.009999999776482582
PNOA_2016_GAL_E_610-4836_ORT-CLA-COL,GAL-E-2016,610,4836,data/raw/pnoa_galicia/PNOA_2016_GAL_E_610-4836_ORT-CLA-COL.laz,data/raw/pnoa_galicia/PNOA_2016_GAL_E_610-4836_ORT-CLA-CIR.laz,51064781,52634164,0b57d978d82a63906514a090f2841400dc1a9e33eb48fb29f621bfa8874c608d,d3d46b234838e39cebcf00b6723689fe352cad397a16b670659a00760ce6d8e1,4836633,4836633,True,"[610000.0,4834000.0,611999.99,4835999.99]",EPSG:25829,test,True,,108074.06275330378,32000.00999988499,0.00999973900616169
PNOA_2016_GAL_E_610-4838_ORT-CLA-COL,GAL-E-2016,610,4838,data/raw/pnoa_galicia/PNOA_2016_GAL_E_610-4838_ORT-CLA-COL.laz,data/raw/pnoa_galicia/PNOA_2016_GAL_E_610-4838_ORT-CLA-CIR.laz,51662006,53072574,3c3db8e9aa6bd1d163b5ebd6fbc127b52de2fb8048dc0489cd600200c4a9cd23,4054fe8f2f31a29a199665e5413087192a0001d38710419c3e12b9b94d475664,4886045,4853611,False,"[610000.0000014922,4835999.999999739,611999.9900014922,4837999.989999739]",EPSG:2158,test,True,,109635.77463658134,32000.010001376853,0.009998507797718048
PNOA_2016_GAL_E_610-4840_ORT-CLA-COL,GAL-E-2016,610,4840,data/raw/pnoa_galicia/PNOA_2016_GAL_E_610-4840_ORT-CLA-COL.laz,data/raw/pnoa_galicia/PNOA_2016_GAL_E_610-4840_ORT-CLA-CIR.laz,49572248,51067975,805cf69235fc3bfdfb451e99f2437b8781087fe049041f27b97a647368ecd788,61b0945bd725d2867b2615abb80113305800fa34fb569fbdd60ac62dab7e5a0d,4740651,4740651,True,"[610000.0,4838000.0,611999.99,4839999.99]",EPSG:25829,test,True,,111211.52422301064,32000.009999886206,0.009997840388678014
PNOA_2016_GAL_E_612-4692_ORT-CLA-COL,GAL-E-2016,612,4692,data/raw/pnoa_galicia/PNOA_2016_GAL_E_612-4692_ORT-CLA-COL.laz,data/raw/pnoa_galicia/PNOA_2016_GAL_E_612-4692_ORT-CLA-CIR.laz,59548219,59359880,e96fe9a4baccedf495da460d2daf8228c89b6e42f6f84a210aa18cc93450a5f2,28eadf4951c0aa74c8ba13677305a4f4530a20da7cbbf7409ba5cc5d10a40c5f,5880486,5880486,True,"[612000.0,4690000.0,613999.99,4691999.99]",EPSG:25829,test,True,,80099.94806490256,113030.98123965903,0.009999999776482582
PNOA_2016_GAL_E_612-4694_ORT-CLA-COL,GAL-E-2016,612,4694,data/raw/pnoa_galicia/PNOA_2016_GAL_E_612-4694_ORT-CLA-COL.laz,data/raw/pnoa_galicia/PNOA_2016_GAL_E_612-4694_ORT-CLA-CIR.laz,54627286,54729440,97beed5c94836dc4860a34c51a4cd3f74520d772802e92170580cccb243c0ea7,ca9499c91eef1e82cb1747d81e655d905abb3cc9608e4265088e30a63d58209e,5254897,5254897,True,"[612000.0,4692000.0,613999.99,4693999.99]",EPSG:25829,test,True,,80025.00634176897,111085.56467876531,0.009999999776482582
PNOA_2016_GAL_E_612-4696_ORT-CLA-COL,GAL-E-2016,612,4696,data/raw/pnoa_galicia/PNOA_2016_GAL_E_612-4696_ORT-CLA-COL.laz,data/raw/pnoa_galicia/PNOA_2016_GAL_E_612-4696_ORT-CLA-CIR.laz,41436876,42622038,aef90208cebc1551f9587c27de642d277e23c3d8cb564de8185e87e11fa6dc09,25a4e175c05b5a5160aaa683b0497109c71e0d09c0a2c96a1806812bc74fd009,3894616,3894616,True,"[612000.0,4694000.0,613999.99,4695999.99]",EPSG:25829,test,True,,80000.01000000087,109142.12129146178,0.009999999776482582
PNOA_2016_GAL_E_612-4698_ORT-CLA-COL,GAL-E-2016,612,4698,data/raw/pnoa_galicia/PNOA_2016_GAL_E_612-4698_ORT-CLA-COL.laz,data/raw/pnoa_galicia/PNOA_2016_GAL_E_612-4698_ORT-CLA-CIR.laz,56787164,58535475,26ecfb23dff9863dc8d15cf21077ecf656d0b742402c6f8bc6f6ccc58565155c,0ec59350101e2f10bbf7f9880dbc052d705c0cd9360caa9a9b5fef90e3f45e1f,5351340,5351340,True,"[612000.0,4696000.0,613999.99,4697999.99]",EPSG:25829,test,True,,80000.01000000024,107200.75839284046,0.009999999776482582
PNOA_2016_GAL_E_612-4700_ORT-CLA-COL,GAL-E-2016,612,4700,data/raw/pnoa_galicia/PNOA_2016_GAL_E_612-4700_ORT-CLA-COL.laz,data/raw/pnoa_galicia/PNOA_2016_GAL_E_612-4700_ORT-CLA-CIR.laz,50822463,52131073,315ec71f6047b38a3cfe23ca5a49ed494d911846558b83b9b11dd0c48ddfa38f,5d41180c10ff126d9cc97b45a03c331d2230120c0c80f2c730b469cbcbd9730f,4949697,4949697,True,"[612000.0,4698000.0,613999.99,4699999.99]",EPSG:25829,test,True,,80000.0099999999,105261.59109570857,0.009999999776482582
PNOA_2016_GAL_E_612-4758_ORT-CLA-COL,GAL-E-2016,612,4758,data/raw/pnoa_galicia/PNOA_2016_GAL_E_612-4758_ORT-CLA-COL.laz,data/raw/pnoa_galicia/PNOA_2016_GAL_E_612-4758_ORT-CLA-CIR.laz,49286279,50809216,57cfe64839cfd49627c256776e7b6ba9e56a8423883d5583e773e4d331ab03b6,d911b102118d7020478645b8083d467a88c7cede785278ea79b52c078defc218,4987560,4987560,True,"[612000.0,4756000.0,613999.99,4757999.99]",EPSG:25829,test,True,,70256.68309848128,51107.74305328089,0.009999999776482582
PNOA_2016_GAL_E_612-4760_ORT-CLA-COL,GAL-E-2016,612,4760,data/raw/pnoa_galicia/PNOA_2016_GAL_E_612-4760_ORT-CLA-COL.laz,data/raw/pnoa_galicia/PNOA_2016_GAL_E_612-4760_ORT-CLA-CIR.laz,48983059,50453793,c866f022c25d7b3d9a776d2481dbbfbcde867904c6682160ea8286d438d1d59e,52d05e814c8ad883e99aa2b21dfbbc1ab71af0d840dac87dcaa4296e91c03369,4839943,4839943,True,"[612000.0,4758000.0,613999.99,4759999.99]",EPSG:25829,test,True,,70455.67088602978,49396.36990711141,0.009999999776482582
PNOA_2016_GAL_E_612-4762_ORT-CLA-COL,GAL-E-2016,612,4762,data/raw/pnoa_galicia/PNOA_2016_GAL_E_612-4762_ORT-CLA-COL.laz,data/raw/pnoa_galicia/PNOA_2016_GAL_E_612-4762_ORT-CLA-CIR.laz,52478161,53929980,0820b07fdbf42ea6b76f80ba4d3f5c2abb8861f54d192e3065d5fd6920360338,b2d8d45738c1df85ba0e1a9fd69df2abf9df281dd951e4160222d0cfb5171fc4,5198812,5198812,True,"[612000.0,4760000.0,613999.99,4761999.99]",EPSG:25829,test,True,,70710.68943236703,47707.45560182583,0.009999999776482582
PNOA_2016_GAL_E_612-4764_ORT-CLA-COL,GAL-E-2016,612,4764,data/raw/pnoa_galicia/PNOA_2016_GAL_E_612-4764_ORT-CLA-COL.laz,data/raw/pnoa_galicia/PNOA_2016_GAL_E_612-4764_ORT-CLA-CIR.laz,51467015,53089522,ba5f65f0e177a6cf61f269bdeb958d918bc90eb48e25130f7810ed3093b00a0b,df7fff15e0138a02462622c882d4a986e1601755f25cf8ca5b58a3f309283071,4927363,4927363,True,"[612000.0,4762000.0,613999.99,4763999.99]",EPSG:25829,test,True,,71021.13516412408,46043.471632797016,0.009999999776482582
PNOA_2016_GAL_E_612-4836_ORT-CLA-COL,GAL-E-2016,612,4836,data/raw/pnoa_galicia/PNOA_2016_GAL_E_612-4836_ORT-CLA-COL.laz,data/raw/pnoa_galicia/PNOA_2016_GAL_E_612-4836_ORT-CLA-CIR.laz,41379725,42947816,04fb6b250ec934bc9bdbc194682d55abc3f16542eb58c334dc18f9551f101eea,e9f3ab86334b3debfa2e6dc723f7f0193149cea8ea15f0d691b8f52344d98532,4084262,4084262,True,"[612000.0,4834000.0,613999.99,4835999.99]",EPSG:25829,test,True,,109343.5095467721,34000.00999988499,0.009999999776482582
PNOA_2016_GAL_E_612-4838_ORT-CLA-COL,GAL-E-2016,612,4838,data/raw/pnoa_galicia/PNOA_2016_GAL_E_612-4838_ORT-CLA-COL.laz,data/raw/pnoa_galicia/PNOA_2016_GAL_E_612-4838_ORT-CLA-CIR.laz,24510913,25466859,b5fde00de62ab2ed2f044d4994ecdf2a4047f86fcb36e39ea06c45de4597684c,16390123b5aee709c0bc5b4e3f2f1a78553cadf43bc2c2e787bd8f7366d4a453,2523917,2523917,True,"[612000.0,4836000.0,613999.99,4837999.99]",EPSG:25829,test,True,,110887.34427338927,34000.00999988464,0.009998507797718048
PNOA_2016_GAL_E_612-4840_ORT-CLA-COL,GAL-E-2016,612,4840,data/raw/pnoa_galicia/PNOA_2016_GAL_E_612-4840_ORT-CLA-COL.laz,data/raw/pnoa_galicia/PNOA_2016_GAL_E_612-4840_ORT-CLA-CIR.laz,11497905,11413820,d5512d7857b8cb1c84c6e83410136186927eeaad20102c9de8af8745983b78a8,c8ccebfc1e9414185f0be7d8fe48dc61c565d02fa9a6685c84898d448add1a33,1262171,1262171,True,"[612000.0,4838000.0,613999.99,4839999.99]",EPSG:25829,test,True,,112445.55642623357,34000.00999988611,0.009999999776482582
PNOA_2016_GAL_E_614-4692_ORT-CLA-COL,GAL-E-2016,614,4692,data/raw/pnoa_galicia/PNOA_2016_GAL_E_614-4692_ORT-CLA-COL.laz,data/raw/pnoa_galicia/PNOA_2016_GAL_E_614-4692_ORT-CLA-CIR.laz,57369373,57986395,13852666eaf69163cb50f9e99636052d21ff168000c8195d1133cb38ca79a4fa,f16368f9f5c7fd9622fdd6d8a329758799a0534fa11bf173a976c926bf335097,5719365,5719365,True,"[614000.0,4690000.0,615999.99,4691999.99]",EPSG:25829,test,True,,82097.51348244409,113507.72114706626,0.009999999776482582
PNOA_2016_GAL_E_614-4694_ORT-CLA-COL,GAL-E-2016,614,4694,data/raw/pnoa_galicia/PNOA_2016_GAL_E_614-4694_ORT-CLA-COL.laz,data/raw/pnoa_galicia/PNOA_2016_GAL_E_614-4694_ORT-CLA-CIR.laz,52235551,52804857,5a9029d1b6a0013812c143b07423b9b842feed10c2963c556af304f4e8816f20,312d8082e7717c35467e1b89bf58ecd42922b43305d84a146ec48374929d282c,4876441,4876441,True,"[614000.0,4692000.0,615999.99,4693999.99]",EPSG:25829,test,True,,82024.39685849671,111570.6176374414,0.009999999776482582
PNOA_2016_GAL_E_614-4696_ORT-CLA-COL,GAL-E-2016,614,4696,data/raw/pnoa_galicia/PNOA_2016_GAL_E_614-4696_ORT-CLA-COL.laz,data/raw/pnoa_galicia/PNOA_2016_GAL_E_614-4696_ORT-CLA-CIR.laz,59167281,60363234,78c16ed706d3bb3935a9061cee5b4b9c2844e02ae32cdffa1c84ef95bf39f405,4bb8b8d14c45977e892288979f8444d68926b61e38936aa1a6400f8fc958810b,5501880,5501880,True,"[614000.0,4694000.0,615999.99,4695999.99]",EPSG:25829,test,True,,82000.01000000085,109635.77281161543,0.009999999776482582
PNOA_2016_GAL_E_614-4698_ORT-CLA-COL,GAL-E-2016,614,4698,data/raw/pnoa_galicia/PNOA_2016_GAL_E_614-4698_ORT-CLA-COL.laz,data/raw/pnoa_galicia/PNOA_2016_GAL_E_614-4698_ORT-CLA-CIR.laz,60700668,62888642,33418701004a5b0c89e526d1926a8edaa9aedc1ec281d7c086fc1af90926b2f9,597aab905bf269981233a3a60d4d7e112c0e7a8728b3a839a831a331f954e0f1,5789136,5789136,True,"[614000.0,4696000.0,615999.99,4697999.99]",EPSG:25829,test,True,,82000.01000000024,107703.30839858242,0.009999999776482582
PNOA_2016_GAL_E_614-4700_ORT-CLA-COL,GAL-E-2016,614,4700,data/raw/pnoa_galicia/PNOA_2016_GAL_E_614-4700_ORT-CLA-COL.laz,data/raw/pnoa_galicia/PNOA_2016_GAL_E_614-4700_ORT-CLA-CIR.laz,57432614,59520210,c0935386cedc2de59b40a713b3b35c4777b1d7f59e5ab7a107674f84baba32cf,2d0d08e6573b6b579bf1266879e5b6a783fe64718537d7c95bed93c62acc6d55,5625776,5625776,True,"[614000.0,4698000.0,615999.99,4699999.99]",EPSG:25829,test,True,,82000.0099999999,105773.35486785012,0.009999999776482582
PNOA_2016_GAL_E_614-4756_ORT-CLA-COL,GAL-E-2016,614,4756,data/raw/pnoa_galicia/PNOA_2016_GAL_E_614-4756_ORT-CLA-COL.laz,data/raw/pnoa_galicia/PNOA_2016_GAL_E_614-4756_ORT-CLA-CIR.laz,51128259,53389544,e70b56c8b756335b35c2bb680669e67211631022ee687a28518259323c47e393,e50bc5b0d041c1843f4caa6660d6ae73ab7ae8965a1e72407d3feb4309df294b,5285022,5285022,True,"[614000.0,4754000.0,615999.99,4755999.99]",EPSG:25829,test,True,,72111.03604858485,53851.66181279998,0.009999999776482582
PNOA_2016_GAL_E_614-4758_ORT-CLA-COL,GAL-E-2016,614,4758,data/raw/pnoa_galicia/PNOA_2016_GAL_E_614-4758_ORT-CLA-COL.laz,data/raw/pnoa_galicia/PNOA_2016_GAL_E_614-4758_ORT-CLA-CIR.laz,47985661,50290055,f517869f485a808eba8bb9d5a0cf860c52b3afc411eadcb26083538b13f52aab,5fddee56451058a64fa6eb0e027da5725a8830d8c3fa13bffb5b629bbd939d3c,4935382,4935382,True,"[614000.0,4756000.0,615999.99,4757999.99]",EPSG:25829,test,True,,72249.57826866827,52153.63304699089,0.009999999776482582
PNOA_2016_GAL_E_614-4760_ORT-CLA-COL,GAL-E-2016,614,4760,data/raw/pnoa_galicia/PNOA_2016_GAL_E_614-4760_ORT-CLA-COL.laz,data/raw/pnoa_galicia/PNOA_2016_GAL_E_614-4760_ORT-CLA-CIR.laz,51730380,54313808,96f1f6d5e9c7f15b7343daf227f3fabb427d2ce3aeeb736e101a02bc33d061f5,0eb6f64047b7c6c26062b414d1b95ee75be5602f2b5e4f740780b255eec867ea,5276310,5276310,True,"[614000.0,4758000.0,615999.99,4759999.99]",EPSG:25829,test,True,,72443.09214825483,50477.73172400065,0.009999999776482582
PNOA_2016_GAL_E_614-4762_ORT-CLA-COL,GAL-E-2016,614,4762,data/raw/pnoa_galicia/PNOA_2016_GAL_E_614-4762_ORT-CLA-COL.laz,data/raw/pnoa_galicia/PNOA_2016_GAL_E_614-4762_ORT-CLA-CIR.laz,49102563,51480091,795a6a69ff3ed3080476ee4f72a37b9fef396c438952199e172a9a12f90e7ca2,c11fd8efeaaf2915dadd74de376d91eae4b0d2fbc40ebd4f1afca2d721b489a2,4962555,4962555,True,"[614000.0,4760000.0,615999.99,4761999.99]",EPSG:25829,test,True,,72691.13866215509,48826.23638987735,0.009999999776482582
PNOA_2016_GAL_E_614-4764_ORT-CLA-COL,GAL-E-2016,614,4764,data/raw/pnoa_galicia/PNOA_2016_GAL_E_614-4764_ORT-CLA-COL.laz,data/raw/pnoa_galicia/PNOA_2016_GAL_E_614-4764_ORT-CLA-CIR.laz,51792653,53981850,399430a3538ad84cae7b443fd6b507c9cbcccbabe06c8647594b06cbc5650749,9a06776d9445c55e72518a9b85df8c18a23708efbf48d1d629b3642715a81c94,5196435,5196435,True,"[614000.0,4762000.0,615999.99,4763999.99]",EPSG:25829,test,True,,72993.16187151216,47201.708867372414,0.009999999776482582
PNOA_2016_GAL_E_614-4766_ORT-CLA-COL,GAL-E-2016,614,4766,data/raw/pnoa_galicia/PNOA_2016_GAL_E_614-4766_ORT-CLA-COL.laz,data/raw/pnoa_galicia/PNOA_2016_GAL_E_614-4766_ORT-CLA-CIR.laz,52949866,55146983,3ef2b8817c6bfb8232b9e48675091568ba3fefce9171ae2b599e96bc8e760442,7c9de7278c4b35476c3221c6b265a13d2e97f937b95c2ecc79e0c2ceceaa1890,5347194,5347194,True,"[614000.0,4764000.0,615999.99,4765999.99]",EPSG:25829,test,True,,73348.49500842465,45607.03103689369,0.009999999776482582
PNOA_2016_GAL_E_614-4836_ORT-CLA-COL,GAL-E-2016,614,4836,data/raw/pnoa_galicia/PNOA_2016_GAL_E_614-4836_ORT-CLA-COL.laz,data/raw/pnoa_galicia/PNOA_2016_GAL_E_614-4836_ORT-CLA-CIR.laz,58803421,60700742,dc41f00ef73e4619e91e9d367054886e9ed9639b757d00bb04024ca6714995d6,f1dbb952095c1be9195a46a5c37eaf56562477efb51c28095d4cd1a5ae897e6e,5621508,5621508,True,"[614000.0,4834000.0,615999.99,4835999.99]",EPSG:25829,test,True,,110634.54758801627,36000.00999988499,0.009999999776482582
PNOA_2016_GAL_E_614-4838_ORT-CLA-COL,GAL-E-2016,614,4838,data/raw/pnoa_galicia/PNOA_2016_GAL_E_614-4838_ORT-CLA-COL.laz,data/raw/pnoa_galicia/PNOA_2016_GAL_E_614-4838_ORT-CLA-CIR.laz,62792203,64855169,dbacfbfe73de4bc074f2a29b944e6ee9b0eecf7e82c1b23470038ef39663d946,4b8abe9445c01c4366228ede8037b54373dfa0e8563c691b51ce6b54e9b2416d,5955022,5955022,True,"[614000.0,4836000.0,615999.99,4837999.99]",EPSG:25829,test,True,,112160.613229445,36000.00999988464,0.009999999776482582
PNOA_2016_GAL_E_614-4840_ORT-CLA-COL,GAL-E-2016,614,4840,data/raw/pnoa_galicia/PNOA_2016_GAL_E_614-4840_ORT-CLA-COL.laz,data/raw/pnoa_galicia/PNOA_2016_GAL_E_614-4840_ORT-CLA-CIR.laz,43428241,45127546,55a9b6c11a4b0ffa2a9264eab4c62aac28daa3102a4d6d02e15b44cfa291458b,750509150492b4cc8ca37b9cf75b76482079347587049ea8f199f448b088be54,4260019,4260019,True,"[614000.0,4838000.0,615999.99,4839999.99]",EPSG:25829,test,True,,113701.37730038837,36000.00999988603,0.009999999776482582
PNOA_2016_GAL_E_616-4692_ORT-CLA-COL,GAL-E-2016,616,4692,data/raw/pnoa_galicia/PNOA_2016_GAL_E_616-4692_ORT-CLA-COL.laz,data/raw/pnoa_galicia/PNOA_2016_GAL_E_616-4692_ORT-CLA-CIR.laz,52913374,53897835,f4a25b98fbcaa4c52f5fec38a5b23c432509decb4793f3cfa82e26c74373507a,0553cdc8de73bffec82542234e4918ae4f68c954af49eb69087d2feb4d790d8f,5347781,5347781,True,"[616000.0,4690000.0,617999.99,4691999.99]",EPSG:25829,test,True,,84095.19463084731,114017.55478872608,0.009999999776482582
PNOA_2016_GAL_E_616-4694_ORT-CLA-COL,GAL-E-2016,616,4694,data/raw/pnoa_galicia/PNOA_2016_GAL_E_616-4694_ORT-CLA-COL.laz,data/raw/pnoa_galicia/PNOA_2016_GAL_E_616-4694_ORT-CLA-CIR.laz,54781575,56296808,3a7c9becf326408464ce15eaba5be8155e68a6607ff4dbed4acd4cf09a39815a,a708c0d6fc389b1e27e412aed4de339ca7401ebc4fbdfaf0cfa477d12770d59e,5534435,5534435,True,"[616000.0,4692000.0,617999.99,4693999.99]",EPSG:25829,test,True,,84023.8163855949,112089.26246523416,0.009999999776482582
PNOA_2016_GAL_E_616-4696_ORT-CLA-COL,GAL-E-2016,616,4696,data/raw/pnoa_galicia/PNOA_2016_GAL_E_616-4696_ORT-CLA-COL.laz,data/raw/pnoa_galicia/PNOA_2016_GAL_E_616-4696_ORT-CLA-CIR.laz,50374907,51702484,8db666e3b5ea2a1e311025467b2162211bc23f828cc9b79431c30e9a60f329fd,b35dacfb29c5e5fbed16fa595cd5f92eda94d2fba1347d0e573086bf9cf6b629,4706879,4706879,True,"[616000.0,4694000.0,617999.99,4695999.99]",EPSG:25829,test,True,,84000.01000000084,110163.52717664841,0.009999999776482582
PNOA_2016_GAL_E_616-4698_ORT-CLA-COL,GAL-E-2016,616,4698,data/raw/pnoa_galicia/PNOA_2016_GAL_E_616-4698_ORT-CLA-COL.laz,data/raw/pnoa_galicia/PNOA_2016_GAL_E_616-4698_ORT-CLA-CIR.laz,53267981,55132911,805b7e632ddd56bebf51eeeaee9713d5a91055f0521a724f9224abea3bc861ea,11c7e96d66b0b2070117cd66fba6a5d490833f005e19b37772ab7c62ff3b963f,5175287,5175287,True,"[616000.0,4696000.0,617999.99,4697999.99]",EPSG:25829,test,True,,84000.01000000024,108240.4854017209,0.009999999776482582
PNOA_2016_GAL_E_616-4700_ORT-CLA-COL,GAL-E-2016,616,4700,data/raw/pnoa_galicia/PNOA_2016_GAL_E_616-4700_ORT-CLA-COL.laz,data/raw/pnoa_galicia/PNOA_2016_GAL_E_616-4700_ORT-CLA-CIR.laz,55342671,57472070,a082aa043cdaa3714124f3a32785da0e5d6f1fe44b1117dd45d2fa811aa21ba8,29535d3f19a55cecbe3591af02b8e46d67ede6fe262c86cd8124751f5d07f3b2,5401991,5401991,True,"[616000.0,4698000.0,617999.99,4699999.99]",EPSG:25829,test,True,,84000.0099999999,106320.28329533436,0.009999999776482582
PNOA_2016_GAL_E_616-4756_ORT-CLA-COL,GAL-E-2016,616,4756,data/raw/pnoa_galicia/PNOA_2016_GAL_E_616-4756_ORT-CLA-COL.laz,data/raw/pnoa_galicia/PNOA_2016_GAL_E_616-4756_ORT-CLA-CIR.laz,38691019,40321478,21b5ab6eb44262d7b0ed96c2124c6f24fdd7670942c59a54a8bdaca5dd2debfc,9251660f1c63b5a2e043170b8007d7cdd188d7f87be4edeef145a292f22aae33,4098964,4098964,True,"[616000.0,4754000.0,617999.99,4755999.99]",EPSG:25829,test,True,,74108.03977977221,54918.13470976759,0.009999999776482582
PNOA_2016_GAL_E_616-4758_ORT-CLA-COL,GAL-E-2016,616,4758,data/raw/pnoa_galicia/PNOA_2016_GAL_E_616-4758_ORT-CLA-COL.laz,data/raw/pnoa_galicia/PNOA_2016_GAL_E_616-4758_ORT-CLA-CIR.laz,42784295,44804398,4c5c921897acaa9e3b37613482b8996cf98489e71fa911f6705cf55dae6be663,817ab44249454643b681af12a5ae47f82825fd19943c154dbb15a440327a1a18,4359543,4359543,True,"[616000.0,4756000.0,617999.99,4757999.99]",EPSG:25829,test,True,,74242.85554853355,53254.12171841895,0.009999999776482582
PNOA_2016_GAL_E_616-4760_ORT-CLA-COL,GAL-E-2016,616,4760,data/raw/pnoa_galicia/PNOA_2016_GAL_E_616-4760_ORT-CLA-COL.laz,data/raw/pnoa_galicia/PNOA_2016_GAL_E_616-4760_ORT-CLA-CIR.laz,46492879,48712802,28f9b30692e340852bc33e0748d880cfb3e647eadab3158bb40b21746815c23b,f372545b62ccf36697987487ec8a6518907183ed1a0c30adbefa10d9d80e5109,4795021,4795021,True,"[616000.0,4758000.0,617999.99,4759999.99]",EPSG:25829,test,True,,74431.18728060527,51613.96555197229,0.009999999776482582
PNOA_2016_GAL_E_616-4762_ORT-CLA-COL,GAL-E-2016,616,4762,data/raw/pnoa_galicia/PNOA_2016_GAL_E_616-4762_ORT-CLA-COL.laz,data/raw/pnoa_galicia/PNOA_2016_GAL_E_616-4762_ORT-CLA-CIR.laz,44307101,46376720,55e53402a4888b48fdf78a5532dcd177df970b5f84fedf0561b0745b4cd62d01,dd3f539ab640ae52c197d09e1fc0be4bd798d3789a0a37b2e64ec83813e52ee6,4415929,4415929,True,"[616000.0,4760000.0,617999.99,4761999.99]",EPSG:25829,test,True,,74672.63005948468,50000.013999999865,0.009999999776482582
PNOA_2016_GAL_E_616-4764_ORT-CLA-COL,GAL-E-2016,616,4764,data/raw/pnoa_galicia/PNOA_2016_GAL_E_616-4764_ORT-CLA-COL.laz,data/raw/pnoa_galicia/PNOA_2016_GAL_E_616-4764_ORT-CLA-CIR.laz,37443023,38782788,a44d3583b5977ae8d397958abdc50fccd2269e984ebc90f9bcbbccd3ba104e0f,3caa3e3ebee3dc3705f56ee8413e679ccaee9eb7970b98a15d3f289d11c3f4f5,3758242,3758242,True,"[616000.0,4762000.0,617999.99,4763999.99]",EPSG:25829,test,True,,74966.6707277359,48414.88779291122,0.009999999776482582
PNOA_2016_GAL_E_616-4766_ORT-CLA-COL,GAL-E-2016,616,4766,data/raw/pnoa_galicia/PNOA_2016_GAL_E_616-4766_ORT-CLA-COL.laz,data/raw/pnoa_galicia/PNOA_2016_GAL_E_616-4766_ORT-CLA-CIR.laz,37665887,39309733,03efaa885410b4f0447be99269583473f79b55f112acb97e297cb5a771637872,477ef7c0d143a4c727758d3584f24ac35d18038f40549103adbc5c85eba57e9b,3894729,3894729,True,"[616000.0,4764000.0,617999.99,4765999.99]",EPSG:25829,test,True,,75312.69321967507,46861.51213949657,0.009999999776482582
PNOA_2016_GAL_E_616-4836_ORT-CLA-COL,GAL-E-2016,616,4836,data/raw/pnoa_galicia/PNOA_2016_GAL_E_616-4836_ORT-CLA-COL.laz,data/raw/pnoa_galicia/PNOA_2016_GAL_E_616-4836_ORT-CLA-CIR.laz,53543813,55989387,f80c1593073f5cdc14ef412d3d260bcecc5a493b70a18149bccbd561c05ee0bc,de4649465b1723c8864caa13e2bca675900672eb5424bedd981f338a222e5baa,5307162,5307162,True,"[616000.0,4834000.0,617999.99,4835999.99]",EPSG:25829,test,True,,111946.42986716921,37735.93830819888,0.00999970082193613
PNOA_2016_GAL_E_616-4838_ORT-CLA-COL,GAL-E-2016,616,4838,data/raw/pnoa_galicia/PNOA_2016_GAL_E_616-4838_ORT-CLA-COL.laz,data/raw/pnoa_galicia/PNOA_2016_GAL_E_616-4838_ORT-CLA-CIR.laz,54878022,57103040,afed8890b7c4792863508e66154e44f444a6a755b960040cb2b3c9e887cc4bb4,7304cc44fc0bc86da9af5eebe85f51ddd534b97dcc7dcb04641573f0b60aaa6f,5361084,5330858,False,"[616000.0000021581,4835999.999999701,617999.9900021581,4837999.989999701]",EPSG:2158,test,True,,113454.85093319337,38000.01000204275,0.00999970082193613
PNOA_2016_GAL_E_616-4840_ORT-CLA-COL,GAL-E-2016,616,4840,data/raw/pnoa_galicia/PNOA_2016_GAL_E_616-4840_ORT-CLA-COL.laz,data/raw/pnoa_galicia/PNOA_2016_GAL_E_616-4840_ORT-CLA-CIR.laz,55266834,56797015,8cf64c6269b8c4458970f4408fe8f0327b602ed52eedbec9b882ed8e47c3b877,dfbbb39cd4955258956739fb0a3488b346112b33cbeb5ee288fd0fb6e7649b57,5299661,5269471,False,"[616000.0000021631,4837999.999999702,617999.9900021631,4839999.989999702]",EPSG:2158,test,True,,114978.27290524483,38000.01000204907,0.010000000707805157
PNOA_2016_GAL_E_618-4692_ORT-CLA-COL,GAL-E-2016,618,4692,data/raw/pnoa_galicia/PNOA_2016_GAL_E_618-4692_ORT-CLA-COL.laz,data/raw/pnoa_galicia/PNOA_2016_GAL_E_618-4692_ORT-CLA-CIR.laz,56448971,56082051,67ec89d78449539c711ac399f9ed6c7dc30769b67a15f295c6e542482b065dd4,23e61fd509c1e578b2a186d6f3584f8045332a3e2403ab8a231df2d7b0215362,5581065,5581065,True,"[618000.0,4690000.0,619999.99,4691999.99]",EPSG:25829,test,True,,86092.98345393829,114560.04032820585,0.009999999776482582
PNOA_2016_GAL_E_618-4694_ORT-CLA-COL,GAL-E-2016,618,4694,data/raw/pnoa_galicia/PNOA_2016_GAL_E_618-4694_ORT-CLA-COL.laz,data/raw/pnoa_galicia/PNOA_2016_GAL_E_618-4694_ORT-CLA-CIR.laz,58298784,57337412,d45fbc3a0718730043790ccb94c9904ae87ca5533ea8f70ae22c97c19f1f18c2,8da000ddb2659ab0d12840fcf86dbf1c61058d4f1735d094a254c6db61e433f8,5516509,5516509,True,"[618000.0,4692000.0,619999.99,4693999.99]",EPSG:25829,test,True,,86023.26290021883,112641.0351514942,0.009999999776482582
PNOA_2016_GAL_E_618-4696_ORT-CLA-COL,GAL-E-2016,618,4696,data/raw/pnoa_galicia/PNOA_2016_GAL_E_618-4696_ORT-CLA-COL.laz,data/raw/pnoa_galicia/PNOA_2016_GAL_E_618-4696_ORT-CLA-CIR.laz,45000893,45638050,bf038110f88cee354f808a5eba838de7313357ea92cbff129d569bfb66781824,ea5c7f5d6748313f8bd7aee9ca794a7a0a28b3e663d85fd5bb526c70a2ea869d,4357953,4357953,True,"[618000.0,4694000.0,619999.99,4695999.99]",EPSG:25829,test,True,,86000.01000000082,110724.89674865428,0.009999999776482582
PNOA_2016_GAL_E_618-4698_ORT-CLA-COL,GAL-E-2016,618,4698,data/raw/pnoa_galicia/PNOA_2016_GAL_E_618-4698_ORT-CLA-COL.laz,data/raw/pnoa_galicia/PNOA_2016_GAL_E_618-4698_ORT-CLA-CIR.laz,48138741,49850486,92e84b72005c0bc4ffaf99001f5427cbd673270c77f6d39806e440600c2cee05,9c7e472abb2d65f56a6640065f43ee0b4f0aaf90a669ae1f3fb3ce7eb1e49318,4836679,4836679,True,"[618000.0,4696000.0,619999.99,4697999.99]",EPSG:25829,test,True,,86000.01000000024,108811.7765685321,0.009999999776482582
PNOA_2016_GAL_E_618-4700_ORT-CLA-COL,GAL-E-2016,618,4700,data/raw/pnoa_galicia/PNOA_2016_GAL_E_618-4700_ORT-CLA-COL.laz,data/raw/pnoa_galicia/PNOA_2016_GAL_E_618-4700_ORT-CLA-CIR.laz,51703210,53658121,722fa33c84dc718488cfe69933efd2b3175f916f281ddbe0594eadd964a8ab4f,f696630a61b45b898f06022b370ef5072a223eccb6f3c49d0a662b74d10b5119,5098148,5098148,True,"[618000.0,4698000.0,619999.99,4699999.99]",EPSG:25829,test,True,,86000.0099999999,106901.83665400775,0.009999999776482582
PNOA_2016_GAL_E_618-4756_ORT-CLA-COL,GAL-E-2016,618,4756,data/raw/pnoa_galicia/PNOA_2016_GAL_E_618-4756_ORT-CLA-COL.laz,data/raw/pnoa_galicia/PNOA_2016_GAL_E_618-4756_ORT-CLA-CIR.laz,46736953,48724398,22daaeeb8f2a56ed72ff0c480d8d1e77f5495c208d0bc86a2a086ff6025e50be,5c0139d9864cfaf408a6ba5766998856cc804422dc9674e5902afe87eb2c2975,4650807,4650807,True,"[618000.0,4754000.0,619999.99,4755999.99]",EPSG:25829,test,True,,76105.20087352964,56035.716824184376,0.009999999776482582
PNOA_2016_GAL_E_618-4758_ORT-CLA-COL,GAL-E-2016,618,4758,data/raw/pnoa_galicia/PNOA_2016_GAL_E_618-4758_ORT-CLA-COL.laz,data/raw/pnoa_galicia/PNOA_2016_GAL_E_618-4758_ORT-CLA-CIR.laz,48015601,50743408,abb7e7beb757537764ad218c90ecbe1d02f87f0191a8f8b0371ee0e5c12cfe8b,c16fcb20a9ad293149c179e59fc43a1d6f1a787a7eea891c4d3fc3e0616579a6,4874007,4874007,True,"[618000.0,4756000.0,619999.99,4757999.99]",EPSG:25829,test,True,,76236.48496619197,54405.896004019465,0.009999999776482582
PNOA_2016_GAL_E_618-4760_ORT-CLA-COL,GAL-E-2016,618,4760,data/raw/pnoa_galicia/PNOA_2016_GAL_E_618-4760_ORT-CLA-COL.laz,data/raw/pnoa_galicia/PNOA_2016_GAL_E_618-4760_ORT-CLA-CIR.laz,45713159,47827956,f3ef0e432412521cdb117d0d4924397c07a1bd9218ae209c69f0338ef7c8b962,17171caffdbc83d4e09029709d4a40e22429a5efd976d2bff037f6488f15f29e,4637660,4637660,True,"[618000.0,4758000.0,619999.99,4759999.99]",EPSG:25829,test,True,,76419.90369007627,52801.52914452556,0.009999999776482582
PNOA_2016_GAL_E_618-4762_ORT-CLA-COL,GAL-E-2016,618,4762,data/raw/pnoa_galicia/PNOA_2016_GAL_E_618-4762_ORT-CLA-COL.laz,data/raw/pnoa_galicia/PNOA_2016_GAL_E_618-4762_ORT-CLA-CIR.laz,42736508,44807877,e84763605fa1d1ecbd7c8bcd1611deaeca563279b649f5a16bbef730cb9d0127,75d3c0257e29d0600d11679b1a89015ffab8dd864b4bdde8ceaab6230690f82b,4271265,4271265,True,"[618000.0,4760000.0,619999.99,4761999.99]",EPSG:25829,test,True,,76655.08280603871,51225.00795510122,0.009999999776482582
PNOA_2016_GAL_E_618-4764_ORT-CLA-COL,GAL-E-2016,618,4764,data/raw/pnoa_galicia/PNOA_2016_GAL_E_618-4764_ORT-CLA-COL.laz,data/raw/pnoa_galicia/PNOA_2016_GAL_E_618-4764_ORT-CLA-CIR.laz,43575191,45341425,73e08f353dfffbe652662abc52161b34624c12d5a42c22175f13bc1974f91202,51d493c5a54ba0591a6a0026e61863ad54e100f91e883199e6e1f34e198e1393,4296340,4296340,True,"[618000.0,4762000.0,619999.99,4763999.99]",EPSG:25829,test,True,,76941.54768394493,49678.98348396617,0.009999999776482582
PNOA_2016_GAL_E_618-4766_ORT-CLA-COL,GAL-E-2016,618,4766,data/raw/pnoa_galicia/PNOA_2016_GAL_E_618-4766_ORT-CLA-COL.laz,data/raw/pnoa_galicia/PNOA_2016_GAL_E_618-4766_ORT-CLA-CIR.laz,42340968,44766656,86fb5dd17831467807f9e9abc4611fc3b2fca45e05dcd9ef2516dc5f610e5277,33ed3c63fc000f1eb6676909f04a13f940c104ba726a55b0e1920746315b3d60,4240332,4240332,True,"[618000.0,4764000.0,619999.99,4765999.99]",EPSG:25829,test,True,,77278.72799160768,48166.392432900604,0.009999999776482582
PNOA_2016_GAL_E_620-4692_ORT-CLA-COL,GAL-E-2016,620,4692,data/raw/pnoa_galicia/PNOA_2016_GAL_E_620-4692_ORT-CLA-COL.laz,data/raw/pnoa_galicia/PNOA_2016_GAL_E_620-4692_ORT-CLA-CIR.laz,51060394,52161300,9453c2f59218e7a10c4e0d297c9b340dec83ee8c1f087d0a8b11a0e617dafaba,9ac41977cc95ba47adb8ff98fc486222e979628dad70fdeed0ef41215314495e,5056379,5056379,True,"[620000.0,4690000.0,621999.99,4691999.99]",EPSG:25829,test,True,,88090.87262594288,115134.71622408314,0.009999999776482582
PNOA_2016_GAL_E_620-4694_ORT-CLA-COL,GAL-E-2016,620,4694,data/raw/pnoa_galicia/PNOA_2016_GAL_E_620-4694_ORT-CLA-COL.laz,data/raw/pnoa_galicia/PNOA_2016_GAL_E_620-4694_ORT-CLA-CIR.laz,52503037,52283144,46d2d158aec47d991f0dd8d837ff1be918b40a8b5bb3d938d9a71aa0ed38496b,f5b0f11d962771b78177a02fcc10774031894904e81a028f33ce97f79746b1c4,5102815,5102815,True,"[620000.0,4692000.0,621999.99,4693999.99]",EPSG:25829,test,True,,88022.73456329432,113225.45137909653,0.009999999776482582
PNOA_2016_GAL_E_620-4696_ORT-CLA-COL,GAL-E-2016,620,4696,data/raw/pnoa_galicia/PNOA_2016_GAL_E_620-4696_ORT-CLA-COL.laz,data/raw/pnoa_galicia/PNOA_2016_GAL_E_620-4696_ORT-CLA-CIR.laz,15994880,32772096,3f8e7a2b7f268ba79f1e0416023dbbdbe4ffdcfb967f2e6c04774f02f832605d,503e055ed529e224407b68ff1da98cefdf57870d346fb5e5ede6ed3b45e7b8f7,5203808,5203808,True,"[620000.0,4694000.0,621999.99,4695999.99]",EPSG:25829,excluded_source_error,False,LazrsError: IoError: failed to fill whole buffer | LazrsError: IoError: failed to fill whole buffer,88000.01000000081,111319.37297703465,0.009999999776482582
PNOA_2016_GAL_E_620-4756_ORT-CLA-COL,GAL-E-2016,620,4756,data/raw/pnoa_galicia/PNOA_2016_GAL_E_620-4756_ORT-CLA-COL.laz,data/raw/pnoa_galicia/PNOA_2016_GAL_E_620-4756_ORT-CLA-CIR.laz,49305946,50797562,04bc16f223110058dca0b1596fb06338bd37b3f6fd3768814a32b6bc905efbb8,3cc98e40c8ab02e9aff2982748ddc455f09076757d001f5154805c4fbeaffbce,4813092,4813092,True,"[620000.0,4754000.0,621999.99,4755999.99]",EPSG:25829,test,True,,78102.50725809186,57201.41256997226,0.009999999776482582
PNOA_2016_GAL_E_620-4758_ORT-CLA-COL,GAL-E-2016,620,4758,data/raw/pnoa_galicia/PNOA_2016_GAL_E_620-4758_ORT-CLA-COL.laz,data/raw/pnoa_galicia/PNOA_2016_GAL_E_620-4758_ORT-CLA-CIR.laz,50415245,52306442,e495736281b5af818879f0d5490db1f7ea2d27a32fe88f2ed13bbdf7f68cfe28,1a0e6c841dd5bce4b2eeea4c72f439cd59db218f59c5211488e40791bf8e2d61,4985706,4985706,True,"[620000.0,4756000.0,621999.99,4757999.99]",EPSG:25829,test,True,,78230.43959994352,55605.76912515626,0.009999999776482582
PNOA_2016_GAL_E_620-4760_ORT-CLA-COL,GAL-E-2016,620,4760,data/raw/pnoa_galicia/PNOA_2016_GAL_E_620-4760_ORT-CLA-COL.laz,data/raw/pnoa_galicia/PNOA_2016_GAL_E_620-4760_ORT-CLA-CIR.laz,44875386,46987936,1094ce6700910c482842272be121ffffd34a356d171e810c7ea1b1bded798e52,16daf8c49788246c3677d615f29057fd6797c034276cef9b40c6d82179eb9fcd,4475068,4475068,True,"[620000.0,4758000.0,621999.99,4759999.99]",EPSG:25829,test,True,,78409.19410375628,54037.03840885603,0.009999999776482582
PNOA_2016_GAL_E_620-4762_ORT-CLA-COL,GAL-E-2016,620,4762,data/raw/pnoa_galicia/PNOA_2016_GAL_E_620-4762_ORT-CLA-COL.laz,data/raw/pnoa_galicia/PNOA_2016_GAL_E_620-4762_ORT-CLA-CIR.laz,45643798,47628948,112c6cc6d41432851f59f73de98144d2e349aec062eeeaa3d55fa5b69ddce691,aad2a9817fae5b53965857c1bdbd630c5ccff17755254367d32e1ccb74b5610a,4660222,4660222,True,"[620000.0,4760000.0,621999.99,4761999.99]",EPSG:25829,test,True,,78638.42419581313,52497.63308950398,0.009999999776482582
PNOA_2016_GAL_E_620-4764_ORT-CLA-COL,GAL-E-2016,620,4764,data/raw/pnoa_galicia/PNOA_2016_GAL_E_620-4764_ORT-CLA-COL.laz,data/raw/pnoa_galicia/PNOA_2016_GAL_E_620-4764_ORT-CLA-CIR.laz,42237116,44396156,eaeae78833fe7259206e0e22643015ec748d7e90fe3d088414f36de9d57ee5a4,aadfa3eeaa98cb63172ca90286bb3d86fc53fd0e52a8bf0c1a99741c9f1c6f3b,4200307,4200307,True,"[620000.0,4762000.0,621999.99,4763999.99]",EPSG:25829,test,True,,78917.69003208829,50990.209256289425,0.009999999776482582
PNOA_2016_GAL_E_620-4766_ORT-CLA-COL,GAL-E-2016,620,4766,data/raw/pnoa_galicia/PNOA_2016_GAL_E_620-4766_ORT-CLA-COL.laz,data/raw/pnoa_galicia/PNOA_2016_GAL_E_620-4766_ORT-CLA-CIR.laz,47008213,49566168,54a1868fdb4a7e8d2676a4ea318cb4990e3331757f94603cee02acc0d293b214,128eb16f4f69db4c26c5fdb76e90a0172714531c7c1514231aae6d2b2e7d4acd,4647939,4647939,True,"[620000.0,4764000.0,621999.99,4765999.99]",EPSG:25829,test,True,,79246.46263399323,49517.68774892649,0.009999999776482582
PNOA_2016_GAL_E_622-4756_ORT-CLA-COL,GAL-E-2016,622,4756,data/raw/pnoa_galicia/PNOA_2016_GAL_E_622-4756_ORT-CLA-COL.laz,data/raw/pnoa_galicia/PNOA_2016_GAL_E_622-4756_ORT-CLA-CIR.laz,60966079,62755913,cdf1d600a09c00014b6658b737a1219a15bfc89ea36088a169e0ebef6f9ab4d6,0072f98e0c860b7b62cb325f4b1be87ebf21b54223ae43a33f8145caaf5ba222,6010886,6010886,True,"[622000.0,4754000.0,623999.99,4755999.99]",EPSG:25829,test,True,,80099.94806490382,58412.34150417341,0.009999999776482582
PNOA_2016_GAL_E_622-4758_ORT-CLA-COL,GAL-E-2016,622,4758,data/raw/pnoa_galicia/PNOA_2016_GAL_E_622-4758_ORT-CLA-COL.laz,data/raw/pnoa_galicia/PNOA_2016_GAL_E_622-4758_ORT-CLA-CIR.laz,54021275,56462214,ea2413274ad322fbf87cf11fc84d629b78b062003022af2087593bae58421860,ca3aef9b8c530bc845c4f39113ef6dd7a8ed2488b5b0636ca18a3d98ab20b985,5431923,5431923,True,"[622000.0,4756000.0,623999.99,4757999.99]",EPSG:25829,test,True,,80224.69520042073,56850.695686158324,0.009999999776482582
PNOA_2016_GAL_E_622-4760_ORT-CLA-COL,GAL-E-2016,622,4760,data/raw/pnoa_galicia/PNOA_2016_GAL_E_622-4760_ORT-CLA-COL.laz,data/raw/pnoa_galicia/PNOA_2016_GAL_E_622-4760_ORT-CLA-CIR.laz,47048500,49391255,a137ba03c2a3d7f8171b647ab4dd47ff3f0e6826aead0bab0f6e412fd7ca1b3b,91cccfd809cdf46d166b7f87ba06cd1d4b47009446499d55e75e10132da98fd2,4831557,4831557,True,"[622000.0,4758000.0,623999.99,4759999.99]",EPSG:25829,test,True,,80399.01591437875,55317.28084423693,0.009999999776482582
PNOA_2016_GAL_E_622-4762_ORT-CLA-COL,GAL-E-2016,622,4762,data/raw/pnoa_galicia/PNOA_2016_GAL_E_622-4762_ORT-CLA-COL.laz,data/raw/pnoa_galicia/PNOA_2016_GAL_E_622-4762_ORT-CLA-CIR.laz,52239694,54650490,0d852a96ea07a2845b5effd468ac06da264d957308f84481d014d8da17b0e9b3,4b092b74bac3e7d0a231508112797c1d6ffb3f3f71ce8c85ad97c9ea00909967,5314560,5314560,True,"[622000.0,4760000.0,623999.99,4761999.99]",EPSG:25829,test,True,,80622.58864611483,53814.51031088347,0.009999999776482582
PNOA_2016_GAL_E_622-4764_ORT-CLA-COL,GAL-E-2016,622,4764,data/raw/pnoa_galicia/PNOA_2016_GAL_E_622-4764_ORT-CLA-COL.laz,data/raw/pnoa_galicia/PNOA_2016_GAL_E_622-4764_ORT-CLA-CIR.laz,53973033,56279845,a3f4f452a89bce3fe07105d42a8277ce399ac4edd9609c76288c40d1fc9ac3f6,d2381faf04b9128752b97d18427aee4b5ace9e9917a854d2d5d89a51ddef1eeb,5448240,5448240,True,"[622000.0,4762000.0,623999.99,4763999.99]",EPSG:25829,test,True,,80895.0050373987,52345.023450182765,0.009999999776482582
PNOA_2016_GAL_E_622-4766_ORT-CLA-COL,GAL-E-2016,622,4766,data/raw/pnoa_galicia/PNOA_2016_GAL_E_622-4766_ORT-CLA-COL.laz,data/raw/pnoa_galicia/PNOA_2016_GAL_E_622-4766_ORT-CLA-CIR.laz,56037579,58612382,6e80a265c95bd1625abcebd9ef5562b16dec164f83f5365613167271bbb4b0e5,7eeaf3dd67bc6fc853cc82c2255aeafd1580e2771916ed8e9a700afc8e42a6db,5541874,5541874,True,"[622000.0,4764000.0,623999.99,4765999.99]",EPSG:25829,test,True,,81215.7735911004,50911.7023875669,0.009999999776482582
PNOA_2016_GAL_E_624-4756_ORT-CLA-COL,GAL-E-2016,624,4756,data/raw/pnoa_galicia/PNOA_2016_GAL_E_624-4756_ORT-CLA-COL.laz,data/raw/pnoa_galicia/PNOA_2016_GAL_E_624-4756_ORT-CLA-CIR.laz,57192352,58681242,ac6e86e26c6073b1e2b6f38c5424f9b97b4dd9de1b0465acf30cb986f870767f,533dfb5b73bae817bd35095c693ce9a5ae799436903fb7bed5287aaa0f9a34d1,5713687,5713687,True,"[624000.0,4754000.0,625999.99,4755999.99]",EPSG:25829,test,True,,82097.51348244528,59665.74963913703,0.009999999776482582
PNOA_2016_GAL_E_624-4758_ORT-CLA-COL,GAL-E-2016,624,4758,data/raw/pnoa_galicia/PNOA_2016_GAL_E_624-4758_ORT-CLA-COL.laz,data/raw/pnoa_galicia/PNOA_2016_GAL_E_624-4758_ORT-CLA-CIR.laz,57251770,59069969,f6ffba0c06852bc06263869a4282f2dfcc042969d124d4cd96e73efd765d0128,4c1e0af5c1f5fe2b5a670e939f732b42f97e63f9b8a69bc0729f0b8b78cb5987,5564144,5564144,True,"[624000.0,4756000.0,625999.99,4757999.99]",EPSG:25829,test,True,,82219.22986747324,58137.78151942316,0.009999999776482582
PNOA_2016_GAL_E_624-4760_ORT-CLA-COL,GAL-E-2016,624,4760,data/raw/pnoa_galicia/PNOA_2016_GAL_E_624-4760_ORT-CLA-COL.laz,data/raw/pnoa_galicia/PNOA_2016_GAL_E_624-4760_ORT-CLA-CIR.laz,60859122,62929027,5b9fcbcdc3bedfdfc08622676feeefae82df476f6178dea3edcfcfe9f5cd133d,b1ff87f9c9abf8c16f4bf4ede8ada19a151b085fb8b1db1be27a2a7dbc2d95d1,5934180,5934180,True,"[624000.0,4758000.0,625999.99,4759999.99]",EPSG:25829,test,True,,82389.33061993234,56639.22315851606,0.009999999776482582
PNOA_2016_GAL_E_624-4762_ORT-CLA-COL,GAL-E-2016,624,4762,data/raw/pnoa_galicia/PNOA_2016_GAL_E_624-4762_ORT-CLA-COL.laz,data/raw/pnoa_galicia/PNOA_2016_GAL_E_624-4762_ORT-CLA-CIR.laz,55303255,57338794,7f0d0bdf5713b02c74f37faf5557d8564f4f75370b41668da2535eeaaf715dfd,b57dfd12bdc668da8d7630ec98c172b3507c800aed71d530905801f7a5bea5f5,5482945,5482945,True,"[624000.0,4760000.0,625999.99,4761999.99]",EPSG:25829,test,True,,82607.51684925919,55172.471034023685,0.009999999776482582
PNOA_2016_GAL_E_624-4764_ORT-CLA-COL,GAL-E-2016,624,4764,data/raw/pnoa_galicia/PNOA_2016_GAL_E_624-4764_ORT-CLA-COL.laz,data/raw/pnoa_galicia/PNOA_2016_GAL_E_624-4764_ORT-CLA-CIR.laz,58080167,60155251,35439478b6e5c3ef1e770ffc4f7b67fffc0f538ab8be5eeb6dabf3f00ca46dfd,364f41cbc976ff58ef5f31ea5586e7c9dcdb69607af8bbab39deb5be52440f68,5597204,5597204,True,"[624000.0,4762000.0,625999.99,4763999.99]",EPSG:25829,test,True,,82873.40876300889,53740.129512313084,0.009999999776482582
PNOA_2016_GAL_E_626-4758_ORT-CLA-COL,GAL-E-2016,626,4758,data/raw/pnoa_galicia/PNOA_2016_GAL_E_626-4758_ORT-CLA-COL.laz,data/raw/pnoa_galicia/PNOA_2016_GAL_E_626-4758_ORT-CLA-CIR.laz,54925677,56595208,184fcdf9f4e75a3627bc116281b30d2cec520d0657ea034ea005411c97cdb63d,14c3a2e6aa4690086402a5ce18f97311a52e7b87e65ee2305d20129a9ab20fb5,5408978,5408978,True,"[626000.0,4756000.0,627999.99,4757999.99]",EPSG:25829,test,True,,84214.0237727684,59464.28911540254,0.009999648667871952
PNOA_2016_GAL_E_626-4760_ORT-CLA-COL,GAL-E-2016,626,4760,data/raw/pnoa_galicia/PNOA_2016_GAL_E_626-4760_ORT-CLA-COL.laz,data/raw/pnoa_galicia/PNOA_2016_GAL_E_626-4760_ORT-CLA-CIR.laz,59694701,61096987,ff14f9b08f6804a55d86cccc79677d36e85b7ca6dd2c603fc6305f70af1a8fa8,6a7964bd5d30ef65435e8b8d5e51e9cf9f964938b6bb423ca411fe2fef6fd761,5837442,5802121,False,"[626000.0000035189,4757999.999999649,627999.9900035189,4759999.989999649]",EPSG:2158,test,True,,84380.10334543372,58000.01414061195,0.009999648667871952
PNOA_2016_GAL_E_626-4762_ORT-CLA-COL,GAL-E-2016,626,4762,data/raw/pnoa_galicia/PNOA_2016_GAL_E_626-4762_ORT-CLA-COL.laz,data/raw/pnoa_galicia/PNOA_2016_GAL_E_626-4762_ORT-CLA-CIR.laz,53843156,55200692,f0f42743b35c677d7b72eb53b4b002465c62049cb9b0cc5d8622d7966fe2e233,49b82cbe31bef108018b1b8074cceec333256603e6b32bb1a724d708895637e7,5359716,5328799,False,"[626000.0000035267,4759999.999999653,627999.9900035267,4761999.989999653]",EPSG:2158,test,True,,84593.15504570196,56568.556639798655,0.009999999776482582
PNOA_2016_GAL_E_626-4764_ORT-CLA-COL,GAL-E-2016,626,4764,data/raw/pnoa_galicia/PNOA_2016_GAL_E_626-4764_ORT-CLA-COL.laz,data/raw/pnoa_galicia/PNOA_2016_GAL_E_626-4764_ORT-CLA-CIR.laz,58658618,59955149,1e09270a6293ac84972fcac122441f7f98199da2c5914b3fda35441cc2393a6b,37967c02f4e9ea8db5c3bf0dde0832be46dd9e06be9fb5acef7d1b0e133b1933,5756506,5720098,False,"[626000.0000035343,4761999.999999653,627999.9900035342,4763999.989999653]",EPSG:2158,test,True,,84852.8250595475,55172.471036825285,0.009999999776482582
